datetime,open,high,low,close,volume,histogram
2026-03-16 03:45:00,6400,6417,6294,6297,21728,0.0000
2026-03-16 03:50:00,6301.5,6301.5,6212.5,6218.5,15039,0.0000
2026-03-16 03:55:00,6218.5,6236,6198.5,6223.5,10971,0.0000
2026-03-16 04:00:00,6221.5,6275,6204.5,6269,11461,0.0000
2026-03-16 04:05:00,6273,6321.5,6270,6292.5,11403,0.0000
2026-03-16 04:10:00,6291,6315,6290,6302.5,4023,0.0000
2026-03-16 04:15:00,6301,6303.5,6275,6276.5,7623,0.0000
2026-03-16 04:20:00,6279,6300,6275,6281.5,5934,0.0000
2026-03-16 04:25:00,6282.5,6324,6278,6289,8478,0.0000
2026-03-16 04:30:00,6289,6297,6268,6289,3905,0.0000
2026-03-16 04:35:00,6290,6298,6271,6272.5,4473,0.0000
2026-03-16 04:40:00,6271.5,6274.5,6247.5,6260,5702,0.0000
2026-03-16 04:45:00,6260,6260,6234,6238,4863,0.0000
2026-03-16 04:50:00,6238,6247.5,6228.5,6238.5,6161,0.0000
2026-03-16 04:55:00,6240,6247.5,6229.5,6229.5,4066,0.0000
2026-03-16 05:00:00,6229.5,6233,6200,6205,8105,0.0000
2026-03-16 05:05:00,6205,6219,6189.5,6205.5,6482,0.0000
2026-03-16 05:10:00,6207,6209.5,6185,6188,4344,0.0000
2026-03-16 05:15:00,6188,6200,6180,6191.5,4478,0.0000
2026-03-16 05:20:00,6192,6193,6170,6175.5,4540,0.0000
2026-03-16 05:25:00,6176.5,6190.5,6170,6185.5,5112,0.0000
2026-03-16 05:30:00,6186.5,6196.5,6182,6193,4269,0.0000
2026-03-16 05:35:00,6190.5,6218,6190.5,6206,3022,0.0000
2026-03-16 05:40:00,6206,6206,6184.5,6194.5,3535,0.0000
2026-03-16 05:45:00,6192,6225,6192,6219.5,5100,0.0000
2026-03-16 05:50:00,6219.5,6225,6210,6219.5,4599,0.0000
2026-03-16 05:55:00,6219.5,6222,6212,6214.5,2191,0.0000
2026-03-16 06:00:00,6217.5,6250,6210,6216.5,8182,0.0000
2026-03-16 06:05:00,6216.5,6227,6200.5,6204,2893,0.0000
2026-03-16 06:10:00,6204,6207.5,6195,6200.5,2517,0.0000
2026-03-16 06:15:00,6200,6207,6196,6196,1735,0.0000
2026-03-16 06:20:00,6198.5,6205.5,6192.5,6197.5,1427,0.0000
2026-03-16 06:25:00,6196,6198.5,6180,6182.5,3792,0.0000
2026-03-16 06:30:00,6184,6206.5,6184,6191,2934,2.0672
2026-03-16 06:35:00,6194.5,6197.5,6185.5,6195.5,1503,2.4423
2026-03-16 06:40:00,6196,6203,6187,6195.5,1294,2.7337
2026-03-16 06:45:00,6194.5,6194.5,6185.5,6192,1637,2.7279
2026-03-16 06:50:00,6193.5,6205,6188,6205,2220,3.5827
2026-03-16 06:55:00,6205,6205.5,6189,6190,1525,3.1372
2026-03-16 07:00:00,6191.5,6194.5,6180,6180,2960,2.2119
2026-03-16 07:05:00,6182,6199,6173.5,6193.5,2959,2.5291
2026-03-16 07:10:00,6196.5,6199,6188,6194,2803,2.7730
2026-03-16 07:15:00,6196,6196.5,6178,6178.5,2745,1.9309
2026-03-16 07:20:00,6180,6197,6176,6191,2775,2.2346
2026-03-16 07:25:00,6190,6191.5,6173.5,6179,2465,1.6719
2026-03-16 07:30:00,6181,6191.5,6172.5,6172.5,2980,0.9430
2026-03-16 07:35:00,6172,6179,6162.5,6173.5,5022,0.6245
2026-03-16 07:40:00,6175,6184.5,6170,6170,2002,0.2914
2026-03-16 07:45:00,6174.5,6187,6171.5,6184.5,1741,1.1146
2026-03-16 07:50:00,6184.5,6186,6178,6183,1556,1.5958
2026-03-16 07:55:00,6184.5,6191,6177,6180.5,3558,1.7700
2026-03-16 08:00:00,6181.5,6185.5,6177.5,6182,2274,1.9938
2026-03-16 08:05:00,6180,6187.5,6176.5,6185.5,2679,2.3601
2026-03-16 08:10:00,6185.5,6192.5,6181,6181,2313,2.2806
2026-03-16 08:15:00,6183,6190,6178.5,6184,2195,2.3992
2026-03-16 08:20:00,6186.5,6192.5,6180,6183.5,1831,2.4070
2026-03-16 08:25:00,6181.5,6189.5,6174,6185.5,2102,2.4990
2026-03-16 08:30:00,6185.5,6185.5,6173.5,6175,1399,1.8356
2026-03-16 08:35:00,6178,6183,6170,6176,2372,1.4631
2026-03-16 08:40:00,6178,6195,6174.5,6186,3398,1.8635
2026-03-16 08:45:00,6184.5,6211.5,6177,6206.5,5987,3.3932
2026-03-16 08:50:00,6211.5,6225,6204.5,6224,4340,5.3514
2026-03-16 08:55:00,6223.5,6238.5,6215.5,6236.5,5106,7.1442
2026-03-16 09:00:00,6238,6274.5,6238,6264.5,12851,9.7122
2026-03-16 09:05:00,6268,6278,6260,6276.5,5034,11.5883
2026-03-16 09:10:00,6278,6287,6257,6270.5,5395,11.7573
2026-03-16 09:15:00,6270.5,6270.5,6242.5,6249,5625,9.8314
2026-03-16 09:20:00,6249.5,6263.5,6240,6250,2929,8.1069
2026-03-16 09:25:00,6250.5,6257,6240.5,6240.5,7354,5.9105
2026-03-16 09:30:00,6243.5,6247.5,6201,6217.5,9342,2.6585
2026-03-16 09:35:00,6216.5,6246,6215.5,6233.5,7084,1.3981
2026-03-16 09:40:00,6232.5,6236,6214.5,6219,6657,-0.4975
2026-03-16 09:45:00,6218,6225,6212.5,6219.5,5720,-1.7335
2026-03-16 09:50:00,6217,6228.5,6200,6218.5,15190,-2.5830
2026-03-16 09:55:00,6218.5,6225,6210,6218.5,4275,-3.0761
2026-03-17 03:45:00,6237.5,6267,6208,6223,12139,-3.0257
2026-03-17 03:50:00,6221.5,6255,6182,6233.5,12947,-2.2476
2026-03-17 03:55:00,6231,6241,6220,6232,6030,-1.8147
2026-03-17 04:00:00,6232,6238,6224.5,6230.5,4122,-1.6168
2026-03-17 04:05:00,6228,6246,6226.5,6233.5,4577,-1.2858
2026-03-17 04:10:00,6233.5,6242.5,6221,6230,3408,-1.3004
2026-03-17 04:15:00,6230.5,6233.5,6194,6199,13087,-3.2831
2026-03-17 04:20:00,6199,6213.5,6190,6212,3262,-3.5798
2026-03-17 04:25:00,6212,6214,6195,6203.5,2216,-4.1682
2026-03-17 04:30:00,6201.5,6210.5,6200,6203.5,2241,-4.3566
2026-03-17 04:35:00,6201.5,6232.5,6201.5,6213.5,9886,-3.6364
2026-03-17 04:40:00,6213.5,6213.5,6201,6205.5,1788,-3.5247
2026-03-17 04:45:00,6208,6230,6208,6230,2628,-1.7183
2026-03-17 04:50:00,6230,6245.5,6227,6231.5,3763,-0.4083
2026-03-17 04:55:00,6231.5,6233,6196,6196.5,5813,-1.8064
2026-03-17 05:00:00,6196.5,6214.5,6188,6213,3074,-1.5379
2026-03-17 05:05:00,6210.5,6228,6197,6206.5,4502,-1.7032
2026-03-17 05:10:00,6205,6206.5,6188.5,6188.5,2204,-2.8618
2026-03-17 05:15:00,6190.5,6206,6186.5,6205.5,2475,-2.3421
2026-03-17 05:20:00,6206,6209.5,6196.5,6199.5,1188,-2.2601
2026-03-17 05:25:00,6199.5,6209,6191.5,6191.5,2356,-2.5793
2026-03-17 05:30:00,6191.5,6207.5,6190.5,6204.5,1796,-1.7871
2026-03-17 05:35:00,6204,6208,6200,6205,1875,-1.1336
2026-03-17 05:40:00,6205.5,6223,6201,6210.5,3118,-0.2795
2026-03-17 05:45:00,6212.5,6215,6195,6203.5,2175,-0.1416
2026-03-17 05:50:00,6200.5,6207,6195.5,6198,1355,-0.3637
2026-03-17 05:55:00,6198.5,6216,6185,6215.5,4430,0.6687
2026-03-17 06:00:00,6215,6225.5,6200,6204.5,9357,0.6131
2026-03-17 06:05:00,6204.5,6218.5,6200,6215.5,813,1.2810
2026-03-17 06:10:00,6218,6218,6205.5,6210,625,1.3114
2026-03-17 06:15:00,6211.5,6229,6208.5,6214.5,1771,1.5759
2026-03-17 06:20:00,6214,6229,6213.5,6224,986,2.2887
2026-03-17 06:25:00,6225,6228,6218,6224,2174,2.6337
2026-03-17 06:30:00,6226.5,6229,6213,6217,1788,2.2773
2026-03-17 06:35:00,6216,6217,6205,6215.5,1860,1.8458
2026-03-17 06:40:00,6216,6216.5,6202.5,6207,1217,0.9390
2026-03-17 06:45:00,6207.5,6213.5,6195,6200,3908,-0.1248
2026-03-17 06:50:00,6200,6204,6188,6189,4136,-1.4860
2026-03-17 06:55:00,6189,6198,6176.5,6198,2984,-1.6827
2026-03-17 07:00:00,6199,6202.5,6185,6197,2330,-1.7734
2026-03-17 07:05:00,6197.5,6204,6193.5,6203,1158,-1.3422
2026-03-17 07:10:00,6202,6213,6198,6208,1833,-0.6672
2026-03-17 07:15:00,6211,6234,6208,6230,4090,1.2116
2026-03-17 07:20:00,6230,6231.5,6222.5,6228,1819,2.2120
2026-03-17 07:25:00,6230.5,6240,6225.5,6235.5,1868,3.2107
2026-03-17 07:30:00,6235.5,6262,6235.5,6257,5455,5.0421
2026-03-17 07:35:00,6257,6263,6242.5,6262,5084,6.2349
2026-03-17 07:40:00,6262,6264.5,6254,6259.5,2599,6.4721
2026-03-17 07:45:00,6259,6270,6255.5,6268.5,3078,6.8170
2026-03-17 07:50:00,6269,6280.5,6262,6265,5393,6.3981
2026-03-17 07:55:00,6267.5,6277.5,6263,6275,3320,6.3694
2026-03-17 08:00:00,6275.5,6293,6271.5,6275,5048,5.9341
2026-03-17 08:05:00,6275,6279,6264.5,6268,1644,4.8065
2026-03-17 08:10:00,6268,6279,6265,6270,5505,3.8675
2026-03-17 08:15:00,6270,6280.5,6270,6280,4942,3.5976
2026-03-17 08:20:00,6280.5,6290,6279,6283.5,3040,3.3383
2026-03-17 08:25:00,6283.5,6287.5,6278,6284.5,1358,2.9320
2026-03-17 08:30:00,6283.5,6290,6279,6289,1596,2.6716
2026-03-17 08:35:00,6289,6290.5,6273.5,6285,1478,1.9678
2026-03-17 08:40:00,6285,6287,6280,6281.5,915,1.0503
2026-03-17 08:45:00,6285,6289,6265.5,6270.5,2420,-0.4340
2026-03-17 08:50:00,6272,6279,6264,6271,2939,-1.4609
2026-03-17 08:55:00,6271,6310.5,6269.5,6309,13214,0.2492
2026-03-17 09:00:00,6309,6324.5,6309,6312.5,4164,1.3830
2026-03-17 09:05:00,6312,6335,6310.5,6332,5421,3.1139
2026-03-17 09:10:00,6334.5,6336,6316,6316.5,3735,2.8877
2026-03-17 09:15:00,6319,6325,6301.5,6319,6546,2.5888
2026-03-17 09:20:00,6320,6320,6304.5,6318.5,5537,2.0627
2026-03-17 09:25:00,6319,6337.5,6318.5,6330.5,4227,2.2147
2026-03-17 09:30:00,6330,6332,6301.5,6317.5,6252,1.1834
2026-03-17 09:35:00,6317.5,6326,6308,6324,4280,0.7061
2026-03-17 09:40:00,6324,6324,6312.5,6319,3321,-0.1344
2026-03-17 09:45:00,6319,6319.5,6301.5,6304,5256,-1.7964
2026-03-17 09:50:00,6304.5,6315,6300,6315,6715,-2.2227
2026-03-17 09:55:00,6315,6315,6289,6310,9066,-2.8683
2026-03-18 03:45:00,6320.5,6335.5,6287.5,6331.5,7088,-1.9197
2026-03-18 03:50:00,6330,6343,6316,6325,5503,-1.8042
2026-03-18 03:55:00,6323.5,6336,6311,6330.5,2233,-1.4470
2026-03-18 04:00:00,6330.5,6359,6330.5,6356,3926,0.3227
2026-03-18 04:05:00,6358.5,6367.5,6349,6353,3289,1.0653
2026-03-18 04:10:00,6352,6359,6340,6351.5,2553,1.2186
2026-03-18 04:15:00,6351.5,6356.5,6338.5,6342,2294,0.4812
2026-03-18 04:20:00,6344,6385,6339,6384,6108,2.5096
2026-03-18 04:25:00,6382.5,6384,6351.5,6358.5,2860,1.8518
2026-03-18 04:30:00,6361,6362,6325,6330,3274,-0.6507
2026-03-18 04:35:00,6327.5,6333.5,6315.5,6329,4686,-2.4219
2026-03-18 04:40:00,6331,6353.5,6329,6352,4053,-2.1047
2026-03-18 04:45:00,6350,6366,6350,6364,3555,-1.1924
2026-03-18 04:50:00,6364,6375,6361,6375,3533,-0.0160
2026-03-18 04:55:00,6375,6377.5,6359.5,6364.5,1983,-0.1077
2026-03-18 05:00:00,6364.5,6375,6360,6370.5,1567,0.0637
2026-03-18 05:05:00,6370.5,6392,6369,6389.5,4756,1.2205
2026-03-18 05:10:00,6388,6395,6380,6392,9485,1.8787
2026-03-18 05:15:00,6392,6407.5,6389,6401.5,5422,2.6321
2026-03-18 05:20:00,6401.5,6405,6391,6403.5,2313,2.9212
2026-03-18 05:25:00,6405,6411,6398,6404,5711,2.8016
2026-03-18 05:30:00,6404,6415,6400,6413,2095,2.9683
2026-03-18 05:35:00,6413,6415.5,6408,6413,3395,2.7246
2026-03-18 05:40:00,6413,6413.5,6405,6408,2188,1.9110
2026-03-18 05:45:00,6407,6408,6385,6398,3784,0.4595
2026-03-18 05:50:00,6396,6397,6382,6385,2882,-1.5082
2026-03-18 05:55:00,6386,6388.5,6375,6382,4965,-3.0547
2026-03-18 06:00:00,6382.5,6404,6376,6378,13139,-4.3131
2026-03-18 06:05:00,6378,6386,6366,6381,3235,-4.8682
2026-03-18 06:10:00,6383.5,6389,6375,6384.5,1768,-4.9106
2026-03-18 06:15:00,6384.5,6385,6370.5,6370.5,1963,-5.7349
2026-03-18 06:20:00,6371,6380,6366.5,6377.5,2563,-5.6528
2026-03-18 06:25:00,6377.5,6377.5,6369,6372,1539,-5.7919
2026-03-18 06:30:00,6371,6375.5,6360,6363,4872,-6.2723
2026-03-18 06:35:00,6366,6370,6361.5,6365.5,2689,-6.1934
2026-03-18 06:40:00,6365.5,6367.5,6350,6350.5,3434,-6.8707
2026-03-18 06:45:00,6350,6358,6345.5,6355,6394,-6.7264
2026-03-18 06:50:00,6355,6357.5,6343,6346,4166,-6.9208
2026-03-18 06:55:00,6347.5,6348,6325,6331,9090,-7.6846
2026-03-18 07:00:00,6331,6332,6325,6326.5,1934,-8.0775
2026-03-18 07:05:00,6326.5,6327.5,6300,6309,6101,-9.0287
2026-03-18 07:10:00,6307.5,6311,6300.5,6309,2268,-9.1424
2026-03-18 07:15:00,6309,6313,6284.5,6296.5,6961,-9.5022
2026-03-18 07:20:00,6294,6298.5,6280.5,6284,3501,-9.9758
2026-03-18 07:25:00,6287,6288,6282,6287.5,1260,-9.4519
2026-03-18 07:30:00,6287.5,6294,6285,6293,2210,-8.1813
2026-03-18 07:35:00,6293,6297,6290,6295,2672,-6.7138
2026-03-18 07:40:00,6294,6307,6290,6307,1872,-4.5464
2026-03-18 07:45:00,6307,6325,6301,6319,4194,-2.0436
2026-03-18 07:50:00,6319,6342,6318,6342,3345,1.2449
2026-03-18 07:55:00,6342,6342.5,6328,6339,2746,3.1913
2026-03-18 08:00:00,6339,6345,6332,6342,2166,4.5702
2026-03-18 08:05:00,6342,6347,6336,6342.5,1784,5.3511
2026-03-18 08:10:00,6342.5,6346.5,6338.5,6344,1413,5.7679
2026-03-18 08:15:00,6344,6344.5,6335.5,6340,1716,5.5705
2026-03-18 08:20:00,6340,6348,6327,6345,3767,5.5601
2026-03-18 08:25:00,6348,6349,6341.5,6344,2284,5.2719
2026-03-18 08:30:00,6344,6349.5,6334.5,6339,1585,4.5574
2026-03-18 08:35:00,6339,6347,6334.5,6345,2390,4.3048
2026-03-18 08:40:00,6345,6348,6338.5,6342,1348,3.7707
2026-03-18 08:45:00,6342,6348.5,6340,6345.5,1523,3.4944
2026-03-18 08:50:00,6346,6346,6340,6344.5,802,3.0991
2026-03-18 08:55:00,6344.5,6346.5,6340,6342,841,2.5471
2026-03-18 09:00:00,6341.5,6342,6328,6331.5,5721,1.4095
2026-03-18 09:05:00,6332.5,6337.5,6325,6331,3115,0.5994
2026-03-18 09:10:00,6331,6337,6314,6315.5,4370,-0.9216
2026-03-18 09:15:00,6315.5,6338.5,6313.5,6333,4250,-0.7003
2026-03-18 09:20:00,6333,6338,6322.5,6326.5,1926,-0.9286
2026-03-18 09:25:00,6326.5,6340,6326,6338.5,2745,-0.2440
2026-03-18 09:30:00,6339,6350,6328,6350,7474,0.9455
2026-03-18 09:35:00,6347.5,6358,6340.5,6346.5,6215,1.4297
2026-03-18 09:40:00,6346.5,6350,6336.5,6341.5,3744,1.3476
2026-03-18 09:45:00,6340.5,6344,6335.5,6338.5,3583,1.0392
2026-03-18 09:50:00,6339.5,6342,6325,6330,7859,0.2519
2026-03-18 09:55:00,6330,6339.5,6316,6329.5,8250,-0.2843
2026-03-19 03:45:00,6261,6279,6225.5,6236.5,7745,-6.5376
2026-03-19 03:50:00,6234,6298,6225,6296,3755,-6.2993
2026-03-19 03:55:00,6296,6322,6274,6316,10931,-4.5111
2026-03-19 04:00:00,6316,6318.5,6281,6286,4927,-5.0259
2026-03-19 04:05:00,6286,6291,6267,6267.5,3337,-6.2117
2026-03-19 04:10:00,6269.5,6277.5,6264.5,6269,1346,-6.4655
2026-03-19 04:15:00,6266.5,6276.5,6259,6262,968,-6.6495
2026-03-19 04:20:00,6260.5,6286,6259.5,6274,1498,-5.5524
2026-03-19 04:25:00,6273.5,6285,6270,6285,2816,-3.7610
2026-03-19 04:30:00,6282,6292,6266.5,6282,4610,-2.5133
2026-03-19 04:35:00,6283.5,6285,6268.5,6268.5,2174,-2.3360
2026-03-19 04:40:00,6271,6273.5,6258.5,6260.5,1497,-2.4827
2026-03-19 04:45:00,6260,6260,6243,6245,3245,-3.2977
2026-03-19 04:50:00,6245,6255,6242,6255,1423,-2.8541
2026-03-19 04:55:00,6255,6268.5,6255,6261,880,-1.8935
2026-03-19 05:00:00,6261,6277,6258.5,6274.5,781,-0.1763
2026-03-19 05:05:00,6273,6294.5,6267,6293,2768,2.2446
2026-03-19 05:10:00,6293.5,6300.5,6284,6300.5,1411,4.2724
2026-03-19 05:15:00,6300,6308,6286.5,6290,1714,4.7893
2026-03-19 05:20:00,6290,6293,6276,6280,1295,4.3529
2026-03-19 05:25:00,6280,6280,6262,6265,1347,3.0129
2026-03-19 05:30:00,6265,6265,6259,6264.5,713,2.0954
2026-03-19 05:35:00,6264.5,6268.5,6260,6263.5,688,1.4539
2026-03-19 05:40:00,6262,6270,6256,6260,492,0.8564
2026-03-19 05:45:00,6261,6269,6256.5,6258,1288,0.4114
2026-03-19 05:50:00,6259.5,6274.5,6258,6264,968,0.5950
2026-03-19 05:55:00,6263,6264,6247,6249,1544,-0.1786
2026-03-19 06:00:00,6250.5,6258.5,6248,6258,627,0.0205
2026-03-19 06:05:00,6255.5,6258.5,6252,6252,358,-0.1386
2026-03-19 06:10:00,6254.5,6256,6249.5,6255,246,0.0609
2026-03-19 06:15:00,6255,6258,6250,6253,623,0.1555
2026-03-19 06:20:00,6254.5,6260,6244,6249.5,1486,0.0832
2026-03-19 06:25:00,6249.5,6250,6225.5,6235,3094,-0.7920
2026-03-19 06:30:00,6235,6237.5,6229.5,6237.5,944,-1.0379
2026-03-19 06:35:00,6235,6240,6233.5,6239.5,1287,-0.9060
2026-03-19 06:40:00,6239.5,6258,6235.5,6252.5,2592,0.1598
2026-03-19 06:45:00,6252.5,6260,6246.5,6250.5,2801,0.7975
2026-03-19 06:50:00,6250.5,6252,6242,6243.5,763,0.8125
2026-03-19 06:55:00,6245,6249,6240,6243.5,936,0.8813
2026-03-19 07:00:00,6243.5,6256.5,6241.5,6253,2591,1.5845
2026-03-19 07:05:00,6253,6269.5,6253,6266.5,2994,2.9001
2026-03-19 07:10:00,6268,6270,6254.5,6261,1696,3.3114
2026-03-19 07:15:00,6257,6272,6256.5,6272,976,4.1799
2026-03-19 07:20:00,6270,6274.5,6252,6252.5,1632,3.3333
2026-03-19 07:25:00,6253,6261.5,6252,6256.5,598,2.9483
2026-03-19 07:30:00,6256.5,6259,6235,6237,1306,1.3664
2026-03-19 07:35:00,6239,6245,6235,6245,1023,0.8691
2026-03-19 07:40:00,6243,6250,6236,6239,1428,0.1822
2026-03-19 07:45:00,6237,6243,6237,6238.5,1007,-0.2370
2026-03-19 07:50:00,6241,6242,6226.5,6226.5,2299,-1.1997
2026-03-19 07:55:00,6227,6229.5,6210,6213.5,5018,-2.5137
2026-03-19 08:00:00,6215,6217,6205.5,6214,4363,-3.1117
2026-03-19 08:05:00,6213,6220,6211,6220,8632,-2.8716
2026-03-19 08:10:00,6220,6228,6218.5,6227,15238,-2.0483
2026-03-19 08:15:00,6226,6239,6222.5,6232.5,6731,-0.9937
2026-03-19 08:20:00,6231.5,6249.5,6231.5,6247,2612,0.7272
2026-03-19 08:25:00,6250,6250,6227,6232,3520,0.8912
2026-03-19 08:30:00,6232,6238,6220,6222.5,1152,0.4197
2026-03-19 08:35:00,6222.5,6225.5,6216.5,6221,3275,0.0843
2026-03-19 08:40:00,6220,6225,6215,6220,950,-0.1166
2026-03-19 08:45:00,6222,6232,6216,6223,3663,0.0329
2026-03-19 08:50:00,6224.5,6229,6220,6227.5,616,0.4899
2026-03-19 08:55:00,6227.5,6228,6216.5,6221.5,869,0.4444
2026-03-19 09:00:00,6220,6229,6217.5,6223.5,1373,0.5959
2026-03-19 09:05:00,6227,6233.5,6220,6223.5,1749,0.7339
2026-03-19 09:10:00,6223,6235,6212.5,6232.5,2758,1.4289
2026-03-19 09:15:00,6234.5,6234.5,6215,6219.5,1862,1.0294
2026-03-19 09:20:00,6219.5,6223.5,6213.5,6218.5,2684,0.7282
2026-03-19 09:25:00,6218.5,6221,6205.5,6214,3788,0.2795
2026-03-19 09:30:00,6213,6213,6178.5,6204,5977,-0.5899
2026-03-19 09:35:00,6204.5,6206.5,6181.5,6201.5,6452,-1.1973
2026-03-19 09:40:00,6204.5,6214.5,6198.5,6209.5,4051,-0.9360
2026-03-19 09:45:00,6210.5,6240,6207,6227,9777,0.4647
2026-03-19 09:50:00,6223.5,6229,6214.5,6224.5,9401,1.2285
2026-03-19 09:55:00,6225,6250,6209.5,6230,3808,2.0610
2026-03-20 03:45:00,6250,6352,6250,6348,10776,10.0676
2026-03-20 03:50:00,6348,6369,6329,6364,7636,15.6187
2026-03-20 03:55:00,6367,6380,6356.5,6376,5509,19.0490
2026-03-20 04:00:00,6376,6380,6352.5,6361,5215,19.2035
2026-03-20 04:05:00,6362.5,6377,6357,6370,2077,18.7848
2026-03-20 04:10:00,6371.5,6371.5,6347,6347,4519,15.9436
2026-03-20 04:15:00,6350.5,6356.5,6345,6348,1467,13.2283
2026-03-20 04:20:00,6348,6367.5,6344.5,6347,4240,10.5765
2026-03-20 04:25:00,6348.5,6353,6332,6345,6292,8.0156
2026-03-20 04:30:00,6343.5,6356.5,6337,6348,7699,5.9467
2026-03-20 04:35:00,6347.5,6364.5,6341,6343.5,5550,3.8024
2026-03-20 04:40:00,6343,6354,6343,6343,3199,1.9700
2026-03-20 04:45:00,6343.5,6346.5,6332,6337,2316,0.0735
2026-03-20 04:50:00,6337.5,6339.5,6324,6337.5,2118,-1.3490
2026-03-20 04:55:00,6336.5,6340,6328,6338,1060,-2.3968
2026-03-20 05:00:00,6335.5,6344.5,6335,6338.5,1425,-3.1493
2026-03-20 05:05:00,6337,6340,6332,6337,1061,-3.7979
2026-03-20 05:10:00,6336,6349,6335.5,6349,2201,-3.4770
2026-03-20 05:15:00,6349,6362,6344.5,6355,2827,-2.9403
2026-03-20 05:20:00,6355,6359,6350.5,6355.5,1009,-2.6407
2026-03-20 05:25:00,6358,6358,6333,6334,2950,-3.9035
2026-03-20 05:30:00,6333,6333,6310,6315,4914,-5.9109
2026-03-20 05:35:00,6312.5,6326.5,6312,6325.5,1843,-6.3837
2026-03-20 05:40:00,6325.5,6327,6320,6326,1953,-6.4934
2026-03-20 05:45:00,6325,6331,6315,6331,3529,-6.0679
2026-03-20 05:50:00,6335,6351,6335,6343.5,2272,-4.8367
2026-03-20 05:55:00,6343.5,6347,6336,6339,1237,-4.2390
2026-03-20 06:00:00,6339,6350,6337.5,6342,1143,-3.5813
2026-03-20 06:05:00,6342,6342,6299,6299,10754,-5.8480
2026-03-20 06:10:00,6301.5,6325,6300,6323,2332,-5.5397
2026-03-20 06:15:00,6323,6333,6322,6329.5,1833,-4.7378
2026-03-20 06:20:00,6329.5,6329.5,6306.5,6310.5,1930,-5.2851
2026-03-20 06:25:00,6310,6318,6305.5,6317,1503,-5.0099
2026-03-20 06:30:00,6317,6317,6311,6312,1114,-4.9562
2026-03-20 06:35:00,6314,6322,6311,6314,1386,-4.5861
2026-03-20 06:40:00,6314,6321,6300,6304,3349,-4.7924
2026-03-20 06:45:00,6304,6308,6291.5,6295,7802,-5.2744
2026-03-20 06:50:00,6295,6300,6291.5,6298,2308,-5.1262
2026-03-20 06:55:00,6296,6303.5,6284,6292,3719,-5.1533
2026-03-20 07:00:00,6290,6302.5,6280,6302.5,4902,-4.2243
2026-03-20 07:05:00,6302.5,6319,6297.5,6318.5,2285,-2.3840
2026-03-20 07:10:00,6318.5,6330,6318,6327,1848,-0.5422
2026-03-20 07:15:00,6327,6328.5,6320,6326.5,1320,0.6309
2026-03-20 07:20:00,6327,6328,6315,6326,1043,1.3219
2026-03-20 07:25:00,6326,6328.5,6302,6307,1885,0.4908
2026-03-20 07:30:00,6305.5,6319.5,6299.5,6319.5,4565,0.7585
2026-03-20 07:35:00,6319.5,6319.5,6312.5,6319,759,0.8695
2026-03-20 07:40:00,6318.5,6340,6315,6339,3498,2.1827
2026-03-20 07:45:00,6339,6349,6326,6336,3789,2.7078
2026-03-20 07:50:00,6339.5,6345,6331.5,6342.5,1176,3.3115
2026-03-20 07:55:00,6339.5,6350,6337,6345,1489,3.6700
2026-03-20 08:00:00,6345.5,6347,6338.5,6341.5,664,3.4648
2026-03-20 08:05:00,6341,6350,6339,6348,1211,3.5472
2026-03-20 08:10:00,6348,6348.5,6336,6338.5,1204,2.7765
2026-03-20 08:15:00,6336.5,6339,6327.5,6336,1620,1.9519
2026-03-20 08:20:00,6334.5,6343,6328.5,6343,1102,1.7384
2026-03-20 08:25:00,6341,6348,6331,6335,1357,0.9581
2026-03-20 08:30:00,6333.5,6345,6331,6344,755,0.9460
2026-03-20 08:35:00,6345,6345.5,6334,6345.5,1186,0.9353
2026-03-20 08:40:00,6344.5,6347.5,6333,6341,1692,0.5410
2026-03-20 08:45:00,6340.5,6345,6332.5,6340,2034,0.1491
2026-03-20 08:50:00,6342.5,6344.5,6332.5,6340,1082,-0.1573
2026-03-20 08:55:00,6340,6341.5,6332.5,6337,851,-0.5852
2026-03-20 09:00:00,6334,6339,6312,6328.5,3604,-1.4164
2026-03-20 09:05:00,6328.5,6329,6312,6319.5,1329,-2.4856
2026-03-20 09:10:00,6318,6322,6301,6302.5,3545,-4.1527
2026-03-20 09:15:00,6304,6317.5,6302.5,6310,3317,-4.5341
2026-03-20 09:20:00,6310,6313,6286.5,6298,5517,-5.3239
2026-03-20 09:25:00,6297.5,6321.5,6297.5,6316,4726,-4.4016
2026-03-20 09:30:00,6314,6316,6286.5,6295.5,12238,-4.9014
2026-03-20 09:35:00,6293.5,6309,6293,6303,8740,-4.4684
2026-03-20 09:40:00,6303,6303.5,6281.5,6295,9902,-4.4523
2026-03-20 09:45:00,6295,6297.5,6280,6289,10330,-4.5606
2026-03-20 09:50:00,6286.5,6305,6284.5,6298,14590,-3.7736
2026-03-20 09:55:00,6297.5,6320,6278.5,6295.5,15531,-3.1919
2026-03-23 03:45:00,6264,6264,6186,6191,8926,-9.2716
2026-03-23 03:50:00,6185.5,6226.5,6181,6192.5,5055,-12.4220
2026-03-23 03:55:00,6193.5,6204,6180.5,6197.5,8467,-13.3195
2026-03-23 04:00:00,6193,6213.5,6189.5,6210,5247,-12.2489
2026-03-23 04:05:00,6209,6225,6203,6209.5,15983,-10.8026
2026-03-23 04:10:00,6209,6211.5,6180,6185,4210,-10.7036
2026-03-23 04:15:00,6182,6183.5,6145,6145,6970,-12.4191
2026-03-23 04:20:00,6145,6154.5,6115.5,6119,10910,-14.2601
2026-03-23 04:25:00,6117,6118,6098,6105,5696,-15.2850
2026-03-23 04:30:00,6104,6106.5,6084,6100,5495,-15.1355
2026-03-23 04:35:00,6100,6104.5,6080,6085.5,3230,-14.8295
2026-03-23 04:40:00,6084.5,6084.5,6016,6022.5,8934,-17.5027
2026-03-23 04:45:00,6022,6031,6010,6012,3806,-18.5129
2026-03-23 04:50:00,6012,6026,6003,6011.5,5195,-17.7474
2026-03-23 04:55:00,6008.5,6008.5,5985.5,5995.5,5818,-16.8577
2026-03-23 05:00:00,5998.5,6005,5993,5994,2179,-14.9731
2026-03-23 05:05:00,5995,6050.5,5995,6020.5,8510,-10.7426
2026-03-23 05:10:00,6021.5,6029,6012.5,6015.5,2956,-7.2494
2026-03-23 05:15:00,6014.5,6019.5,6005,6015.5,1485,-4.0657
2026-03-23 05:20:00,6013.5,6022,5994,6015.5,2943,-1.2337
2026-03-23 05:25:00,6013.5,6035,6001,6001,1796,0.3068
2026-03-23 05:30:00,6001.5,6003,5975,5984.5,3272,0.8289
2026-03-23 05:35:00,5986.5,6003.5,5975,5989,3208,2.0234
2026-03-23 05:40:00,5990.5,6027.5,5985.5,6027.5,4013,5.7421
2026-03-23 05:45:00,6025.5,6037,6015,6034,5491,8.7926
2026-03-23 05:50:00,6034.5,6056,6032.5,6044,4166,11.4678
2026-03-23 05:55:00,6048,6059,6042,6059,1824,14.0603
2026-03-23 06:00:00,6059,6063,6033.5,6038.5,2709,14.1677
2026-03-23 06:05:00,6039.5,6048,6038,6045.5,833,14.4344
2026-03-23 06:10:00,6041.5,6059,6033,6038,1686,13.8288
2026-03-23 06:15:00,6037.5,6043.5,6033.5,6035.5,816,12.9958
2026-03-23 06:20:00,6037,6069,6036,6056,2957,13.5020
2026-03-23 06:25:00,6055,6070,6045,6065,7010,14.0565
2026-03-23 06:30:00,6064,6073,6059.5,6060,1695,13.6866
2026-03-23 06:35:00,6060,6064.5,6055,6064.5,981,13.3319
2026-03-23 06:40:00,6064.5,6073,6058,6058,893,12.2728
2026-03-23 06:45:00,6058,6061,6037,6037,3416,9.8745
2026-03-23 06:50:00,6037,6040.5,6025.5,6028.5,2331,7.5377
2026-03-23 06:55:00,6026.5,6060,6020,6059.5,5860,7.8656
2026-03-23 07:00:00,6060.5,6069,6035,6039,2204,6.5419
2026-03-23 07:05:00,6037.5,6056,6034.5,6044,1323,5.8649
2026-03-23 07:10:00,6046.5,6055,6040,6048,1166,5.5515
2026-03-23 07:15:00,6050,6050,6030,6035.5,1387,4.4168
2026-03-23 07:20:00,6035.5,6038.5,6023,6026,1869,3.0082
2026-03-23 07:25:00,6023,6028,6011,6013.5,4150,1.3034
2026-03-23 07:30:00,6013,6013,6000,6001,1980,-0.5006
2026-03-23 07:35:00,6004,6017,5997.5,6002,1713,-1.4095
2026-03-23 07:40:00,6002,6007.5,5989,5997,1564,-2.0895
2026-03-23 07:45:00,5996.5,6012,5990.5,5990.5,1334,-2.6812
2026-03-23 07:50:00,5990.5,6001,5989,5999.5,1185,-2.1914
2026-03-23 07:55:00,6000,6009,5991.5,6004.5,1644,-1.2997
2026-03-23 08:00:00,6003,6024.5,6002,6021,2479,0.5341
2026-03-23 08:05:00,6021,6036,6019,6036,2066,2.7653
2026-03-23 08:10:00,6035.5,6051,6035.5,6049,2508,4.9947
2026-03-23 08:15:00,6047,6054,6044,6054,1396,6.5842
2026-03-23 08:20:00,6052.5,6068,6052.5,6063.5,3363,7.9614
2026-03-23 08:25:00,6064,6095,6063,6078.5,3526,9.4662
2026-03-23 08:30:00,6079.5,6086,6070.5,6082.5,2280,10.2486
2026-03-23 08:35:00,6083,6085,6065,6074.5,2680,9.7479
2026-03-23 08:40:00,6073,6078,6065,6067,1071,8.4790
2026-03-23 08:45:00,6067,6077,6063,6073.5,1389,7.6693
2026-03-23 08:50:00,6076,6086.5,6069.5,6076,1821,6.9170
2026-03-23 08:55:00,6069,6069,6050.5,6051,2049,4.4694
2026-03-23 09:00:00,6051,6055,6037,6044,3991,2.2261
2026-03-23 09:05:00,6043.5,6061.5,6039.5,6047,1531,0.8615
2026-03-23 09:10:00,6047.5,6062.5,6035.5,6059.5,2609,0.7235
2026-03-23 09:15:00,6060,6067,6058,6060.5,1944,0.6260
2026-03-23 09:20:00,6060.5,6070,6051,6054.5,1748,0.1109
2026-03-23 09:25:00,6054,6062,6042.5,6060.5,2669,0.1265
2026-03-23 09:30:00,6062,6062,6033,6034,4859,-1.6003
2026-03-23 09:35:00,6035.5,6048,6028,6047,4147,-1.8044
2026-03-23 09:40:00,6042.5,6054,6040,6043.5,4241,-2.0922
2026-03-23 09:45:00,6043.5,6064.5,6040.5,6049.5,4624,-1.8063
2026-03-23 09:50:00,6046,6054.5,6030,6038.5,8300,-2.2566
2026-03-23 09:55:00,6038,6041,6004,6018,6456,-3.7459
2026-03-24 03:45:00,6200,6200,6101.5,6115,13748,1.6988
2026-03-24 03:50:00,6117,6156,6113.5,6151,6383,7.3074
2026-03-24 03:55:00,6152,6165,6131,6143,3179,9.9001
2026-03-24 04:00:00,6142,6168,6142,6154,6307,11.6565
2026-03-24 04:05:00,6153.5,6159,6142,6148,9194,11.6853
2026-03-24 04:10:00,6148,6158.5,6135.5,6145,4834,10.7944
2026-03-24 04:15:00,6147,6150,6131,6150,5368,9.8599
2026-03-24 04:20:00,6150,6162.5,6140.5,6159,9974,9.1797
2026-03-24 04:25:00,6159,6161.5,6150,6160,5167,8.1632
2026-03-24 04:30:00,6159.5,6164.5,6112,6115,4462,4.0349
2026-03-24 04:35:00,6115,6122.5,6100,6107.5,6245,0.5566
2026-03-24 04:40:00,6106.5,6126,6103,6114.5,2451,-1.4079
2026-03-24 04:45:00,6114.5,6122,6110,6113.5,1740,-2.8279
2026-03-24 04:50:00,6112.5,6113.5,6087.5,6089.5,6242,-5.2936
2026-03-24 04:55:00,6089,6095.5,6071,6076,4463,-7.6032
2026-03-24 05:00:00,6076.5,6081,6060,6061.5,3260,-9.7405
2026-03-24 05:05:00,6060,6063,6046,6047,6043,-11.6354
2026-03-24 05:10:00,6047,6067.5,6045,6058,3997,-11.6254
2026-03-24 05:15:00,6060,6080,6057,6064,1604,-10.7143
2026-03-24 05:20:00,6061.5,6069.5,6056.5,6063.5,1209,-9.6768
2026-03-24 05:25:00,6064,6065.5,6052,6060.5,1433,-8.7518
2026-03-24 05:30:00,6060,6070,6060,6067.5,1007,-7.2877
2026-03-24 05:35:00,6067.5,6072.5,6062,6069,1022,-5.8969
2026-03-24 05:40:00,6069.5,6072,6052,6058.5,1403,-5.3773
2026-03-24 05:45:00,6060.5,6068.5,6056.5,6068.5,1598,-4.1105
2026-03-24 05:50:00,6068.5,6076.5,6058.5,6062,1009,-3.4853
2026-03-24 05:55:00,6062,6067,6056.5,6063.5,882,-2.7766
2026-03-24 06:00:00,6064,6077,6064,6076,1126,-1.3444
2026-03-24 06:05:00,6076,6095,6070,6095,6718,0.8841
2026-03-24 06:10:00,6095,6123.5,6095,6123.5,5310,4.0991
2026-03-24 06:15:00,6121.5,6143.5,6110,6140.5,7788,7.0207
2026-03-24 06:20:00,6140.5,6141,6126.5,6135.5,1738,8.1852
2026-03-24 06:25:00,6133.5,6163.5,6133.5,6151.5,3654,9.5089
2026-03-24 06:30:00,6153,6155,6143.5,6146,1190,9.4692
2026-03-24 06:35:00,6144,6147,6130,6134,1693,8.1407
2026-03-24 06:40:00,6132,6138.5,6128,6132.5,2164,6.7255
2026-03-24 06:45:00,6131,6133,6126,6129,879,5.1872
2026-03-24 06:50:00,6129,6199,6127,6195.5,8581,8.1078
2026-03-24 06:55:00,6195.5,6208,6167.5,6179,5749,8.3547
2026-03-24 07:00:00,6180,6211.5,6178.5,6201,11475,9.3508
2026-03-24 07:05:00,6203,6210,6195,6204,2013,9.5304
2026-03-24 07:10:00,6204,6219,6191,6196,6171,8.4651
2026-03-24 07:15:00,6198.5,6213.5,6197.5,6213.5,1742,8.2834
2026-03-24 07:20:00,6214,6219,6206,6211.5,2093,7.4018
2026-03-24 07:25:00,6210,6213.5,6195,6213.5,1946,6.3661
2026-03-24 07:30:00,6211,6215,6208,6210,1586,4.9225
2026-03-24 07:35:00,6210.5,6216,6197,6210,2989,3.5112
2026-03-24 07:40:00,6210,6238,6210,6227.5,5101,3.3028
2026-03-24 07:45:00,6230,6234.5,6220.5,6228.5,1599,2.7989
2026-03-24 07:50:00,6229.5,6232,6219,6226.5,1861,1.9383
2026-03-24 07:55:00,6226.5,6236,6222.5,6236,2702,1.6287
2026-03-24 08:00:00,6235,6244.5,6226.5,6237,2279,1.1345
2026-03-24 08:05:00,6237.5,6242,6211.5,6219,2477,-0.6645
2026-03-24 08:10:00,6220,6231.5,6213,6219.5,1587,-2.0050
2026-03-24 08:15:00,6219,6225.5,6191,6196.5,3106,-4.4829
2026-03-24 08:20:00,6195.5,6206,6192,6196,1942,-6.0977
2026-03-24 08:25:00,6197,6208,6197,6201.5,1288,-6.6902
2026-03-24 08:30:00,6202,6216.5,6198,6210,1572,-6.4040
2026-03-24 08:35:00,6209.5,6216,6192,6193,2172,-7.1949
2026-03-24 08:40:00,6195,6207,6193.5,6206,2282,-6.6885
2026-03-24 08:45:00,6209,6223.5,6204.5,6212.5,4157,-5.7951
2026-03-24 08:50:00,6213,6218.5,6200,6201,3604,-5.8415
2026-03-24 08:55:00,6203,6210,6197.5,6206.5,2081,-5.3763
2026-03-24 09:00:00,6206.5,6207.5,6193.5,6195.5,2379,-5.6555
2026-03-24 09:05:00,6195.5,6199.5,6176.5,6179,1812,-6.7248
2026-03-24 09:10:00,6177.5,6193,6166,6169.5,4517,-7.7712
2026-03-24 09:15:00,6168.5,6171,6158,6160.5,3482,-8.6988
2026-03-24 09:20:00,6164.5,6165.5,6151,6157,2385,-9.1324
2026-03-24 09:25:00,6157,6173,6152,6171,2697,-8.0961
2026-03-24 09:30:00,6170,6171,6146,6165,6310,-7.4507
2026-03-24 09:35:00,6165.5,6180,6165,6176.5,3737,-5.9504
2026-03-24 09:40:00,6177.5,6184,6164,6168,3779,-5.2556
2026-03-24 09:45:00,6168.5,6168.5,6156,6157,6292,-5.2497
2026-03-24 09:50:00,6161,6164.5,6145.5,6147,5491,-5.6002
2026-03-24 09:55:00,6150,6170,6140,6140,5467,-5.9514
2026-03-25 03:45:00,6200,6279,6200,6277.5,7720,2.9506
2026-03-25 03:50:00,6279,6290,6262,6276.5,7689,8.3401
2026-03-25 03:55:00,6276,6287.5,6262,6273,3913,11.0671
2026-03-25 04:00:00,6272,6287.5,6270,6285,3943,12.9461
2026-03-25 04:05:00,6285,6286.5,6256.5,6258.5,2564,11.7088
2026-03-25 04:10:00,6262.5,6285.5,6258.5,6281.5,3058,11.7153
2026-03-25 04:15:00,6283,6285,6270.5,6280.5,3089,10.9427
2026-03-25 04:20:00,6280.5,6285,6263,6270,1990,9.0912
2026-03-25 04:25:00,6270,6280.5,6268,6276,2849,7.6926
2026-03-25 04:30:00,6276.5,6288,6273,6288,3594,7.0168
2026-03-25 04:35:00,6288,6289,6270,6275,2806,5.2178
2026-03-25 04:40:00,6275,6281.5,6275,6277.5,1988,3.7865
2026-03-25 04:45:00,6277,6278,6270,6273,1813,2.2054
2026-03-25 04:50:00,6270.5,6273.5,6262.5,6265.5,1564,0.4167
2026-03-25 04:55:00,6264,6269.5,6261.5,6265,1223,-0.9626
2026-03-25 05:00:00,6264.5,6272,6264.5,6268.5,755,-1.7554
2026-03-25 05:05:00,6266,6269.5,6250,6257,4669,-3.0924
2026-03-25 05:10:00,6257.5,6269,6256,6258.5,1878,-3.8636
2026-03-25 05:15:00,6257,6264.5,6252,6259.5,1570,-4.2630
2026-03-25 05:20:00,6259.5,6264,6253,6256.5,2525,-4.6539
2026-03-25 05:25:00,6256.5,6260,6242,6244.5,6499,-5.5827
2026-03-25 05:30:00,6244.5,6255.5,6244.5,6253,1596,-5.4791
2026-03-25 05:35:00,6252,6254.5,6250,6250,1425,-5.4551
2026-03-25 05:40:00,6250,6253.5,6236,6237.5,7296,-6.0762
2026-03-25 05:45:00,6240,6242.5,6233,6242,1291,-5.9703
2026-03-25 05:50:00,6242.5,6242.5,6215,6219.5,6289,-7.1237
2026-03-25 05:55:00,6220,6224.5,6214,6215.5,2421,-7.8091
2026-03-25 06:00:00,6217.5,6227.5,6214,6226,2700,-7.2221
2026-03-25 06:05:00,6227.5,6235,6225,6231,4134,-6.2029
2026-03-25 06:10:00,6231,6247,6227,6242,5129,-4.5692
2026-03-25 06:15:00,6244.5,6258,6241,6241,3449,-3.3913
2026-03-25 06:20:00,6243.5,6251,6240.5,6245,1132,-2.2341
2026-03-25 06:25:00,6247.5,6250,6225,6227.5,2581,-2.5175
2026-03-25 06:30:00,6229,6237,6221.5,6232.5,2474,-2.2474
2026-03-25 06:35:00,6235,6242.5,6224,6234,6514,-1.8627
2026-03-25 06:40:00,6236.5,6245,6231,6239,1341,-1.1987
2026-03-25 06:45:00,6241.5,6248,6231.5,6238,2116,-0.7747
2026-03-25 06:50:00,6240,6247.5,6236.5,6241,1242,-0.2663
2026-03-25 06:55:00,6243,6250,6240,6248,2540,0.5242
2026-03-25 07:00:00,6250,6258,6245,6248.5,5011,1.0341
2026-03-25 07:05:00,6250,6250,6244.5,6245,1281,1.0838
2026-03-25 07:10:00,6246,6255,6240,6254,6478,1.6376
2026-03-25 07:15:00,6254.5,6260.5,6252,6252,1979,1.7727
2026-03-25 07:20:00,6252,6255.5,6245.5,6247.5,1926,1.4747
2026-03-25 07:25:00,6248,6250,6236.5,6237.5,1613,0.5665
2026-03-25 07:30:00,6240,6250,6234.5,6245,1534,0.4389
2026-03-25 07:35:00,6247.5,6254,6243,6245.5,1718,0.3595
2026-03-25 07:40:00,6249.5,6250.5,6236.5,6239,1616,-0.1329
2026-03-25 07:45:00,6240.5,6247,6236.5,6238.5,1642,-0.4753
2026-03-25 07:50:00,6240,6245.5,6236.5,6241.5,1401,-0.4812
2026-03-25 07:55:00,6243,6247.5,6239.5,6245.5,1349,-0.2110
2026-03-25 08:00:00,6245.5,6246.5,6236.5,6241.5,1295,-0.2920
2026-03-25 08:05:00,6243.5,6246.5,6240,6243,1428,-0.2371
2026-03-25 08:10:00,6246.5,6248,6236.5,6241.5,1784,-0.2909
2026-03-25 08:15:00,6244,6257.5,6239.5,6248.5,4899,0.1330
2026-03-25 08:20:00,6250,6251.5,6235,6235,3538,-0.4743
2026-03-25 08:25:00,6238,6242,6235,6235.5,1126,-0.8016
2026-03-25 08:30:00,6237,6245,6234.5,6234.5,1634,-1.0302
2026-03-25 08:35:00,6233,6236,6220,6226,1929,-1.6612
2026-03-25 08:40:00,6225,6229.5,6220,6225.5,1772,-1.9971
2026-03-25 08:45:00,6225.5,6230.5,6213.5,6217.5,2564,-2.6044
2026-03-25 08:50:00,6217.5,6221,6190.5,6191,3508,-4.5247
2026-03-25 08:55:00,6192,6200.5,6185.5,6192,4638,-5.4020
2026-03-25 09:00:00,6192,6208,6186.5,6204,5231,-4.8652
2026-03-25 09:05:00,6204,6214,6200,6202,2901,-4.3527
2026-03-25 09:10:00,6203.5,6214.5,6202,6206,3161,-3.4894
2026-03-25 09:15:00,6206,6216,6202,6207.5,2799,-2.6031
2026-03-25 09:20:00,6207.5,6217.5,6202,6210,2922,-1.6791
2026-03-25 09:25:00,6212,6223,6206.5,6221,3012,-0.2335
2026-03-25 09:30:00,6221,6221,6195,6210.5,6449,0.0915
2026-03-25 09:35:00,6210.5,6216,6205,6215,2831,0.6543
2026-03-25 09:40:00,6218.5,6226,6209,6218,6364,1.2393
2026-03-25 09:45:00,6218.5,6222,6210,6210,4555,1.1029
2026-03-25 09:50:00,6210,6222,6206,6213,5102,1.2208
2026-03-25 09:55:00,6208.5,6220,6206,6212,5098,1.2339
2026-03-27 03:45:00,6190,6190,6036.5,6046,13335,-9.3520
2026-03-27 03:50:00,6044,6081,6036,6064.5,9802,-14.2307
2026-03-27 03:55:00,6068,6099,6063,6085.5,3987,-15.0843
2026-03-27 04:00:00,6084,6084,6057,6066,4382,-15.9208
2026-03-27 04:05:00,6065,6071,6045.5,6066,4021,-15.4218
2026-03-27 04:10:00,6069.5,6080,6044.5,6053.5,4199,-14.8745
2026-03-27 04:15:00,6055,6062,6047.5,6062,2700,-12.9516
2026-03-27 04:20:00,6066,6076.5,6051.5,6056.5,3547,-11.1312
2026-03-27 04:25:00,6055.5,6075.5,6037.5,6040,9878,-10.1471
2026-03-27 04:30:00,6040,6052,6037,6049,3359,-8.0882
2026-03-27 04:35:00,6049,6051,6025.5,6030,7781,-7.2322
2026-03-27 04:40:00,6030.5,6032,6008,6011.5,6534,-7.1265
2026-03-27 04:45:00,6010.5,6013.5,5987,5992,6946,-7.5443
2026-03-27 04:50:00,5992,6009,5987.5,6007,7267,-6.0493
2026-03-27 04:55:00,6010,6022,6004.5,6018.5,2398,-3.6434
2026-03-27 05:00:00,6018.5,6029.5,6014,6014,2807,-1.8054
2026-03-27 05:05:00,6014.5,6015.5,6003,6012.5,2422,-0.2242
2026-03-27 05:10:00,6012.5,6044,6012,6036,5295,2.7091
2026-03-27 05:15:00,6036,6045,6027.5,6043,2574,5.2770
2026-03-27 05:20:00,6043,6049,6029.5,6032.5,3473,6.3523
2026-03-27 05:25:00,6033,6056.5,6031.5,6053,4173,8.3997
2026-03-27 05:30:00,6052.5,6056,6046,6050.5,3958,9.4621
2026-03-27 05:35:00,6050,6055,6044.5,6053,3608,10.1489
2026-03-27 05:40:00,6054.5,6065,6052,6061.5,3603,10.9240
2026-03-27 05:45:00,6061.5,6079.5,6059.5,6073.5,4722,11.9124
2026-03-27 05:50:00,6073,6076,6061.5,6067,2292,11.7749
2026-03-27 05:55:00,6066,6069,6060,6066,3629,11.2629
2026-03-27 06:00:00,6068,6100,6066,6097.5,5527,12.5916
2026-03-27 06:05:00,6096,6117,6093.5,6113,4663,13.9545
2026-03-27 06:10:00,6112.5,6120,6107,6115.5,3374,14.4060
2026-03-27 06:15:00,6113.5,6115.5,6104,6106.5,1934,13.4958
2026-03-27 06:20:00,6108.5,6138.5,6106.5,6133,5626,14.0146
2026-03-27 06:25:00,6134,6140,6131,6138,4088,13.9979
2026-03-27 06:30:00,6136,6137,6122,6132.5,4092,12.9444
2026-03-27 06:35:00,6129.5,6137.5,6113,6132.5,4278,11.6178
2026-03-27 06:40:00,6132.5,6150.5,6131,6148,5533,11.1522
2026-03-27 06:45:00,6145.5,6152.5,6121.5,6125,9496,8.7683
2026-03-27 06:50:00,6124.5,6139.5,6109.5,6139,6263,7.6484
2026-03-27 06:55:00,6139,6158,6136,6155,7160,7.4895
2026-03-27 07:00:00,6153.5,6154.5,6137.5,6144.5,4946,6.2331
2026-03-27 07:05:00,6144.5,6151.5,6141,6147.5,4224,5.2020
2026-03-27 07:10:00,6145,6158,6139.5,6158,6077,4.8329
2026-03-27 07:15:00,6158,6175.5,6150.5,6163,6476,4.5361
2026-03-27 07:20:00,6162.5,6175,6157,6173.5,7556,4.6408
2026-03-27 07:25:00,6173.5,6180,6160.5,6168,8273,3.9601
2026-03-27 07:30:00,6167.5,6168,6139.5,6143,5301,1.5692
2026-03-27 07:35:00,6142,6143,6131,6132,3749,-0.8783
2026-03-27 07:40:00,6132,6141,6121.5,6139,4272,-2.0823
2026-03-27 07:45:00,6135.5,6174.5,6134.5,6174,2523,-0.6521
2026-03-27 07:50:00,6174.5,6174.5,6155,6159,1562,-0.8353
2026-03-27 07:55:00,6158,6167,6147.5,6149,3359,-1.6991
2026-03-27 08:00:00,6149,6166,6146.5,6161.5,1672,-1.5044
2026-03-27 08:05:00,6159,6160.5,6148.5,6157,2024,-1.7379
2026-03-27 08:10:00,6156.5,6162,6148,6159.5,2284,-1.7770
2026-03-27 08:15:00,6160,6168,6158.5,6161.5,1972,-1.7200
2026-03-27 08:20:00,6160,6165.5,6150,6157,1504,-2.0166
2026-03-27 08:25:00,6154,6159,6150,6156,1366,-2.2913
2026-03-27 08:30:00,6153,6157,6146.5,6154,2084,-2.5966
2026-03-27 08:35:00,6154,6155,6132.5,6148,3547,-3.1543
2026-03-27 08:40:00,6148.5,6155,6142,6154.5,2520,-3.0362
2026-03-27 08:45:00,6151,6171.5,6145,6167.5,1957,-2.0788
2026-03-27 08:50:00,6165,6174.5,6162,6170,3428,-1.3110
2026-03-27 08:55:00,6167,6185,6165.5,6177.5,5165,-0.3802
2026-03-27 09:00:00,6177,6180,6162,6166,2743,-0.6076
2026-03-27 09:05:00,6165.5,6169.5,6150,6152,5605,-1.7073
2026-03-27 09:10:00,6152,6168,6146,6158,6667,-2.0158
2026-03-27 09:15:00,6158,6167,6155.5,6161.5,3272,-1.9671
2026-03-27 09:20:00,6161.5,6163.5,6153.5,6160,5304,-2.0118
2026-03-27 09:25:00,6159.5,6161.5,6146.5,6150,7998,-2.6505
2026-03-27 09:30:00,6149.5,6150,6091.5,6105,23994,-5.8556
2026-03-27 09:35:00,6105,6110.5,6093.5,6099.5,16498,-7.9671
2026-03-27 09:40:00,6097,6102.5,6085,6101.5,18575,-8.7857
2026-03-27 09:45:00,6100.5,6120,6096.5,6109,17405,-8.3800
2026-03-27 09:50:00,6109,6123.5,6101,6105,17228,-7.9429
2026-03-27 09:55:00,6103.5,6110,6075,6101,16716,-7.4911
2026-03-30 03:45:00,5995,6030,5963.5,6021,23465,-11.8868
2026-03-30 03:50:00,6017,6066.5,6016,6063.5,11482,-11.2455
2026-03-30 03:55:00,6061,6070,6043,6055,5855,-10.7099
2026-03-30 04:00:00,6052,6074,6051.5,6069,4972,-8.8083
2026-03-30 04:05:00,6069.5,6076,6054.5,6058.5,7777,-7.6937
2026-03-30 04:10:00,6058,6086,6051.5,6086,4063,-4.6882
2026-03-30 04:15:00,6086,6100,6074,6077.5,9110,-2.9417
2026-03-30 04:20:00,6075,6086,6070,6071,1798,-1.9417
2026-03-30 04:25:00,6072,6072,6055.5,6060,2872,-1.7446
2026-03-30 04:30:00,6060,6078,6060,6066.5,3579,-0.9405
2026-03-30 04:35:00,6068,6068,6032,6036,4227,-2.1570
2026-03-30 04:40:00,6036,6037,6011,6022,2336,-3.5184
2026-03-30 04:45:00,6025,6030.5,6005,6007,2808,-4.9550
2026-03-30 04:50:00,6007.5,6009.5,6002,6004,1685,-5.5864
2026-03-30 04:55:00,6007,6013,6001,6001,1914,-5.6672
2026-03-30 05:00:00,6002.5,6004,5985,5989,2658,-5.9601
2026-03-30 05:05:00,5992,6007.5,5990,6003.5,3006,-4.6659
2026-03-30 05:10:00,6005,6005,5990,5990,1725,-4.2210
2026-03-30 05:15:00,5990,5997.5,5985,5990.5,1816,-3.4287
2026-03-30 05:20:00,5990.5,5995.5,5976,5977,2037,-3.3458
2026-03-30 05:25:00,5979.5,5993.5,5976,5978,1712,-2.7789
2026-03-30 05:30:00,5979.5,5988,5975,5986.5,4229,-1.4534
2026-03-30 05:35:00,5986.5,5995,5985,5986,4104,-0.2930
2026-03-30 05:40:00,5988.5,5990.5,5980,5981,1999,0.4166
2026-03-30 05:45:00,5983.5,5990,5981,5987.5,1577,1.5395
2026-03-30 05:50:00,5987.5,5989.5,5980,5980,1575,1.9655
2026-03-30 05:55:00,5981.5,5984.5,5975,5977,1351,2.2151
2026-03-30 06:00:00,5978,5990.5,5972,5974.5,2297,2.3680
2026-03-30 06:05:00,5973,5989,5971.5,5977,3255,2.7658
2026-03-30 06:10:00,5978,5983,5970.5,5973,1675,2.8753
2026-03-30 06:15:00,5973,5975,5970,5971.5,1699,2.9512
2026-03-30 06:20:00,5971,5980.5,5953,5966,4481,2.7402
2026-03-30 06:25:00,5966,5976.5,5962.5,5971,2481,3.0242
2026-03-30 06:30:00,5971,6015,5971,6011,8077,5.8303
2026-03-30 06:35:00,6014.5,6021.5,5996,6010.5,3837,7.4722
2026-03-30 06:40:00,6011,6015.5,6001,6002.5,1736,7.8026
2026-03-30 06:45:00,6005.5,6012,6004,6007,1318,8.0737
2026-03-30 06:50:00,6006.5,6015,5998,5999.5,1691,7.5092
2026-03-30 06:55:00,5998,5999.5,5983,5991,1736,6.3696
2026-03-30 07:00:00,5991,5995,5985,5992,1745,5.5210
2026-03-30 07:05:00,5992,6015,5991,6013.5,1483,6.1950
2026-03-30 07:10:00,6013,6032.5,6010,6030,3873,7.4548
2026-03-30 07:15:00,6030,6035.5,6023,6025,2328,7.6266
2026-03-30 07:20:00,6027.5,6027.5,6010,6011,3850,6.5157
2026-03-30 07:25:00,6013,6020,6008,6011.5,1185,5.5697
2026-03-30 07:30:00,6011.5,6021.5,6005.5,6006.5,642,4.4128
2026-03-30 07:35:00,6009,6019,6004,6010,2760,3.7169
2026-03-30 07:40:00,6008,6012,5993.5,6000,2189,2.4763
2026-03-30 07:45:00,5999.5,6006,5993.5,5994,1136,1.2090
2026-03-30 07:50:00,5994,6011.5,5994,6007.5,1766,1.2331
2026-03-30 07:55:00,6007,6011,5993.5,5999,2327,0.6585
2026-03-30 08:00:00,5999,6008,5993.5,6007.5,899,0.8222
2026-03-30 08:05:00,6010,6016.5,6005,6005.5,2123,0.7682
2026-03-30 08:10:00,6007.5,6009,5986.5,5989.5,1524,-0.3148
2026-03-30 08:15:00,5991,5999,5988,5991,1401,-0.8683
2026-03-30 08:20:00,5989,5996.5,5984,5984.5,2196,-1.5695
2026-03-30 08:25:00,5984.5,5995,5984,5988,1880,-1.6848
2026-03-30 08:30:00,5986.5,6012.5,5986,6007,4327,-0.4338
2026-03-30 08:35:00,6007,6020,6007,6011,3857,0.6517
2026-03-30 08:40:00,6010,6012,5998.5,5999,1737,0.5540
2026-03-30 08:45:00,5999.5,6007.5,5997.5,5998,1099,0.4206
2026-03-30 08:50:00,6000,6003.5,5988,5990.5,6812,-0.1440
2026-03-30 08:55:00,5990.5,5993.5,5982.5,5986,1786,-0.7575
2026-03-30 09:00:00,5987.5,5997.5,5972,5972,1879,-1.9740
2026-03-30 09:05:00,5973,5988.5,5972,5979,2052,-2.1600
2026-03-30 09:10:00,5979,5988,5960,5964,3461,-3.0895
2026-03-30 09:15:00,5965.5,5969,5950,5955.5,2354,-4.0143
2026-03-30 09:20:00,5955,5967.5,5951.5,5958,4858,-4.1767
2026-03-30 09:25:00,5955.5,5967.5,5955,5963,3127,-3.6835
2026-03-30 09:30:00,5960.5,5969,5951.5,5955,17924,-3.6265
2026-03-30 09:35:00,5955,5955.5,5939,5941.5,17409,-4.1887
2026-03-30 09:40:00,5939.5,5958.5,5939.5,5946,18811,-3.9512
2026-03-30 09:45:00,5946.5,5952.5,5940,5945.5,15721,-3.5351
2026-03-30 09:50:00,5945.5,5948,5918.5,5925.5,24904,-4.2651
2026-03-30 09:55:00,5925.5,5975,5911,5975,22818,-1.2302
2026-04-01 03:45:00,6180,6188.5,6047,6113.5,18973,9.6879
2026-04-01 03:50:00,6113,6148.5,6111,6126,8972,16.9116
2026-04-01 03:55:00,6126.5,6155,6122.5,6150.5,6788,22.1684
2026-04-01 04:00:00,6151.5,6161,6122.5,6136,6032,23.3773
2026-04-01 04:05:00,6132.5,6135.5,6116,6128,3422,22.3472
2026-04-01 04:10:00,6129,6154,6125,6138,3761,21.0656
2026-04-01 04:15:00,6138.5,6140,6121,6133,3715,18.6882
2026-04-01 04:20:00,6133,6141,6128,6132,2955,15.9614
2026-04-01 04:25:00,6135,6140,6125.5,6132.5,3302,13.2177
2026-04-01 04:30:00,6132.5,6140.5,6125,6125,3506,10.0668
2026-04-01 04:35:00,6125,6133,6112,6113.5,3126,6.5474
2026-04-01 04:40:00,6114,6121,6108.5,6117,2388,3.9240
2026-04-01 04:45:00,6116,6126,6109.5,6109.5,1912,1.2888
2026-04-01 04:50:00,6112.5,6118,6103,6107.5,3412,-0.8676
2026-04-01 04:55:00,6108,6108,6092,6105,3394,-2.6409
2026-04-01 05:00:00,6105.5,6112.5,6090,6098,3963,-4.3622
2026-04-01 05:05:00,6098,6102.5,6093,6097.5,2122,-5.5359
2026-04-01 05:10:00,6097.5,6097.5,6083,6092,2517,-6.6113
2026-04-01 05:15:00,6089.5,6095,6082,6090,1236,-7.3304
2026-04-01 05:20:00,6090,6092.5,6063.5,6063.5,57806,-9.3352
2026-04-01 05:25:00,6063.5,6067,6032,6043,4282,-11.6366
2026-04-01 05:30:00,6043,6044.5,6026,6026,2191,-13.7533
2026-04-01 05:35:00,6026.5,6035.5,6014,6019,5452,-14.9739
2026-04-01 05:40:00,6019,6029.5,6012,6015,3361,-15.3432
2026-04-01 05:45:00,6017,6041,6016.5,6031.5,4192,-13.8163
2026-04-01 05:50:00,6033,6062.5,6030,6058.5,4688,-10.4794
2026-04-01 05:55:00,6058.5,6062.5,6050,6055,2503,-8.1056
2026-04-01 06:00:00,6053,6084,6053,6079,1965,-4.6862
2026-04-01 06:05:00,6077.5,6084,6063.5,6084,3945,-1.9928
2026-04-01 06:10:00,6084.5,6106.5,6074.5,6085.5,11895,-0.1143
2026-04-01 06:15:00,6085.5,6091.5,6052.5,6058,3078,-0.6955
2026-04-01 06:20:00,6055.5,6064,6048,6050.5,2437,-1.5100
2026-04-01 06:25:00,6051,6075,6049,6071,1637,-0.6377
2026-04-01 06:30:00,6066.5,6087.5,6064.5,6077.5,3918,0.3541
2026-04-01 06:35:00,6079,6079.5,6069,6078.5,1847,1.0170
2026-04-01 06:40:00,6078,6097,6078,6090.5,3925,2.1388
2026-04-01 06:45:00,6091,6094.5,6085,6088.5,2883,2.5909
2026-04-01 06:50:00,6089.5,6093,6080,6090.5,2924,2.8491
2026-04-01 06:55:00,6092.5,6107.5,6086.5,6105,3150,3.7634
2026-04-01 07:00:00,6106.5,6115,6088,6091,3929,3.2135
2026-04-01 07:05:00,6092,6101.5,6086.5,6097,2248,3.0439
2026-04-01 07:10:00,6101,6134.5,6091,6130,5808,4.8376
2026-04-01 07:15:00,6127.5,6163.5,6127.5,6130,7819,5.6509
2026-04-01 07:20:00,6129.5,6133.5,6110.5,6110.5,5973,4.5496
2026-04-01 07:25:00,6113,6119,6106,6111,2917,3.5721
2026-04-01 07:30:00,6112,6116.5,6098.5,6103.5,1897,2.2047
2026-04-01 07:35:00,6104,6114,6100.5,6108.5,2438,1.4574
2026-04-01 07:40:00,6109.5,6122,6104,6120,2235,1.5493
2026-04-01 07:45:00,6123,6128.5,6113,6116.5,3270,1.2016
2026-04-01 07:50:00,6118.5,6118.5,6096.5,6103,2819,-0.0443
2026-04-01 07:55:00,6104,6110.5,6095.5,6101.5,2315,-1.0219
2026-04-01 08:00:00,6102,6112.5,6099.5,6104.5,1877,-1.4906
2026-04-01 08:05:00,6102.5,6106,6083.5,6092,2949,-2.6016
2026-04-01 08:10:00,6092,6092,6053.5,6067.5,8168,-4.8167
2026-04-01 08:15:00,6070,6084,6052,6074,2014,-5.6185
2026-04-01 08:20:00,6074.5,6084,6069.5,6071.5,2924,-6.0540
2026-04-01 08:25:00,6070,6081.5,6067.5,6070.5,2947,-6.1275
2026-04-01 08:30:00,6070.5,6083,6062,6076.5,2526,-5.5095
2026-04-01 08:35:00,6074.5,6083,6071,6078.5,2123,-4.7333
2026-04-01 08:40:00,6078,6089,6072,6087,1718,-3.4730
2026-04-01 08:45:00,6088.5,6099,6080,6095.5,2471,-1.9674
2026-04-01 08:50:00,6095.5,6098.5,6074,6080.5,3145,-1.8823
2026-04-01 08:55:00,6079,6089.5,6078,6084.5,3600,-1.4750
2026-04-01 09:00:00,6082.5,6085.5,6073.5,6075,3664,-1.7455
2026-04-01 09:05:00,6075,6075,6059,6060,2108,-2.7735
2026-04-01 09:10:00,6060,6068,6053,6061,2799,-3.1950
2026-04-01 09:15:00,6061,6061,6027.5,6039.5,2965,-4.6430
2026-04-01 09:20:00,6040,6053,6038.5,6046.5,2809,-4.8290
2026-04-01 09:25:00,6044.5,6060,6038,6043,3812,-4.8733
2026-04-01 09:30:00,6044.5,6074,6044.5,6070,5803,-2.8690
2026-04-01 09:35:00,6071.5,6079.5,6065,6077,3261,-0.9556
2026-04-01 09:40:00,6078.5,6081,6052.5,6054.5,5056,-1.0798
2026-04-01 09:45:00,6058,6068.5,6054.5,6060.5,4185,-0.6534
2026-04-01 09:50:00,6062.5,6069,6053,6055,3958,-0.6367
2026-04-01 09:55:00,6056,6080,6056,6074,4171,0.6874
2026-04-02 03:45:00,6021.5,6021.5,5931.5,5934,14381,-7.3871
2026-04-02 03:50:00,5934.5,5950,5916.5,5940.5,12580,-11.5631
2026-04-02 03:55:00,5940,5975,5937,5958,11297,-12.3482
2026-04-02 04:00:00,5962.5,5963,5945,5945.5,4725,-12.8533
2026-04-02 04:05:00,5945,5970,5942,5963.5,5194,-11.1806
2026-04-02 04:10:00,5959,5972,5950,5955,2925,-9.8964
2026-04-02 04:15:00,5958,5962.5,5930,5942.5,3789,-9.1556
2026-04-02 04:20:00,5940.5,5946.5,5926,5926,4769,-9.0287
2026-04-02 04:25:00,5926,5957,5925,5953,2913,-6.4965
2026-04-02 04:30:00,5952.5,5954,5935,5946,2431,-4.7446
2026-04-02 04:35:00,5946.5,5946.5,5935.5,5941.5,3220,-3.4031
2026-04-02 04:40:00,5941,5975,5941,5972,2901,-0.1479
2026-04-02 04:45:00,5972.5,5972.5,5950,5952.5,3311,0.9457
2026-04-02 04:50:00,5952.5,5959,5941,5942,4754,1.1992
2026-04-02 04:55:00,5942,5953,5939,5939.5,3878,1.4208
2026-04-02 05:00:00,5940,5946,5935,5938,7708,1.6712
2026-04-02 05:05:00,5938,5960,5935,5954,1705,3.0397
2026-04-02 05:10:00,5954,5981,5952,5976.5,2078,5.4450
2026-04-02 05:15:00,5978,5978,5957.5,5971,2467,6.5749
2026-04-02 05:20:00,5970,6017.5,5970,6004.5,9887,9.3199
2026-04-02 05:25:00,6004.5,6012,5997.5,6005.5,2711,10.8382
2026-04-02 05:30:00,6007.5,6037.5,6005.5,6036.5,4212,13.3977
2026-04-02 05:35:00,6036.5,6040,6015.5,6023.5,5155,13.6372
2026-04-02 05:40:00,6024,6035.5,6000.5,6008,3104,12.2193
2026-04-02 05:45:00,6008,6018.5,6006.5,6011,1531,10.9898
2026-04-02 05:50:00,6013,6027,6004,6025,1549,10.6197
2026-04-02 05:55:00,6025,6028.5,6015,6015,748,9.2519
2026-04-02 06:00:00,6015,6027,6008.5,6023,2395,8.4580
2026-04-02 06:05:00,6025,6041.5,6023,6041.5,1467,8.7163
2026-04-02 06:10:00,6041,6047,6029,6031,1483,7.7500
2026-04-02 06:15:00,6031.5,6039.5,6031.5,6038.5,1422,7.1978
2026-04-02 06:20:00,6038,6041,6037,6040.5,1223,6.5667
2026-04-02 06:25:00,6039,6055,6037,6037,2041,5.5533
2026-04-02 06:30:00,6038,6044,6035.5,6037.5,1603,4.5960
2026-04-02 06:35:00,6037.5,6039,6024,6038,1506,3.7135
2026-04-02 06:40:00,6036.5,6045,6036.5,6039,1223,2.9477
2026-04-02 06:45:00,6040,6057,6040,6054,2562,3.1819
2026-04-02 06:50:00,6051.5,6051.5,6025,6033,2220,1.7259
2026-04-02 06:55:00,6031,6042,6029,6041.5,793,1.1655
2026-04-02 07:00:00,6043,6055,6041,6050.5,2068,1.2251
2026-04-02 07:05:00,6048,6061,6045,6045,3072,0.7420
2026-04-02 07:10:00,6042.5,6051,6040,6041,1598,0.0382
2026-04-02 07:15:00,6042.5,6045.5,6030,6034,1950,-0.9587
2026-04-02 07:20:00,6034,6043,6034,6037.5,1107,-1.4147
2026-04-02 07:25:00,6035.5,6053.5,6035.5,6045,2717,-1.2493
2026-04-02 07:30:00,6046,6056.5,6040.5,6041.5,1953,-1.4022
2026-04-02 07:35:00,6042,6045,6020,6033.5,2981,-2.0306
2026-04-02 07:40:00,6033,6042,6029.5,6040.5,1407,-1.9623
2026-04-02 07:45:00,6043,6046,6040.5,6043.5,569,-1.7115
2026-04-02 07:50:00,6043.5,6051,6042,6051,1761,-1.0685
2026-04-02 07:55:00,6054,6067.5,6046.5,6061.5,3025,-0.0195
2026-04-02 08:00:00,6061.5,6067.5,6030.5,6040,6687,-0.8131
2026-04-02 08:05:00,6039,6064,6031.5,6064,1722,0.1855
2026-04-02 08:10:00,6064,6070,6054,6061.5,15835,0.5635
2026-04-02 08:15:00,6060,6080,6057,6073,5018,1.4249
2026-04-02 08:20:00,6073.5,6098,6061,6097,6869,3.3386
2026-04-02 08:25:00,6099,6112,6095,6112,6298,5.2295
2026-04-02 08:30:00,6112,6122.5,6111,6121.5,2928,6.6442
2026-04-02 08:35:00,6120,6124,6100.5,6116.5,2910,6.7457
2026-04-02 08:40:00,6116.5,6128,6114,6121,1992,6.6096
2026-04-02 08:45:00,6120.5,6130,6109,6119,2627,5.9019
2026-04-02 08:50:00,6116.5,6124,6111.5,6120,2180,5.0511
2026-04-02 08:55:00,6120,6125,6110.5,6114.5,3353,3.7288
2026-04-02 09:00:00,6115.5,6133.5,6107,6133,2355,3.7034
2026-04-02 09:05:00,6132.5,6133.5,6120,6122,2069,2.6012
2026-04-02 09:10:00,6121.5,6125,6088.5,6094,3359,-0.2090
2026-04-02 09:15:00,6094,6112.5,6088.5,6103,1686,-1.5806
2026-04-02 09:20:00,6102,6125,6098,6123,2618,-1.2732
2026-04-02 09:25:00,6120,6127.5,6114,6124.5,551,-1.1071
2026-04-02 09:30:00,6123.5,6137,6120,6135.5,5946,-0.4296
2026-04-02 09:35:00,6135,6154,6134.5,6154,4448,1.0126
2026-04-02 09:40:00,6154,6158,6142.5,6145.5,5790,1.1330
2026-04-02 09:45:00,6149,6153,6138,6138,5276,0.4800
2026-04-02 09:50:00,6138,6151.5,6121.5,6149,7871,0.5560
2026-04-02 09:55:00,6150,6155,6132,6138,4680,-0.3205
2026-04-06 03:45:00,6150,6220,6088,6126,18438,-1.8109
2026-04-06 03:50:00,6130,6153.5,6105,6125,6451,-2.9020
2026-04-06 03:55:00,6125,6177.5,6118.5,6168,9522,-0.8710
2026-04-06 04:00:00,6167.5,6213.5,6154.5,6210,6401,2.9486
2026-04-06 04:05:00,6208.5,6240,6208.5,6228,5729,6.1507
2026-04-06 04:10:00,6226,6232,6200,6221,11013,7.1884
2026-04-06 04:15:00,6220.5,6235,6208,6230,8058,7.8198
2026-04-06 04:20:00,6230,6247.5,6225,6237,15870,8.0180
2026-04-06 04:25:00,6238,6246.5,6220,6228,8505,6.8949
2026-04-06 04:30:00,6228.5,6237,6178,6192,14636,3.2637
2026-04-06 04:35:00,6192,6211,6180,6209,5270,1.6258
2026-04-06 04:40:00,6207.5,6219,6197.5,6215,2884,0.6174
2026-04-06 04:45:00,6215,6223,6192,6197.5,2735,-1.4447
2026-04-06 04:50:00,6199,6215,6174,6175,3786,-4.3750
2026-04-06 04:55:00,6172,6180,6160,6176,3232,-6.1861
2026-04-06 05:00:00,6173.5,6193,6169,6184.5,2952,-6.7081
2026-04-06 05:05:00,6186,6191,6178,6191,1865,-6.5070
2026-04-06 05:10:00,6190.5,6196,6183.5,6189.5,1573,-6.3590
2026-04-06 05:15:00,6190.5,6200,6190,6197.5,1732,-5.6313
2026-04-06 05:20:00,6198,6220,6180.5,6180.5,2954,-6.1609
2026-04-06 05:25:00,6180,6188,6171,6173,1843,-6.8306
2026-04-06 05:30:00,6173.5,6178,6158.5,6160.5,4195,-7.8565
2026-04-06 05:35:00,6160,6164.5,6155,6157,1439,-8.4596
2026-04-06 05:40:00,6156,6157.5,6132,6141.5,3331,-9.5126
2026-04-06 05:45:00,6141.5,6147,6133.5,6143,855,-9.6858
2026-04-06 05:50:00,6143,6164,6143,6149,1968,-8.9892
2026-04-06 05:55:00,6149.5,6162,6149,6162,1124,-7.3168
2026-04-06 06:00:00,6164,6169.5,6155.5,6158,1272,-6.1886
2026-04-06 06:05:00,6160.5,6180.5,6158,6158.5,1739,-5.1595
2026-04-06 06:10:00,6158.5,6164,6151,6158.5,1811,-4.2664
2026-04-06 06:15:00,6163,6172.5,6158,6165,994,-3.0810
2026-04-06 06:20:00,6166,6179,6165,6173.5,1247,-1.6398
2026-04-06 06:25:00,6175,6187,6167.5,6167.5,1850,-1.0354
2026-04-06 06:30:00,6168.5,6171,6149,6149,1478,-1.7826
2026-04-06 06:35:00,6150.5,6153,6144,6147.5,2407,-2.2488
2026-04-06 06:40:00,6147.5,6148.5,6140,6143.5,1327,-2.6689
2026-04-06 06:45:00,6143,6154,6137.5,6150,1871,-2.3618
2026-04-06 06:50:00,6152,6174.5,6147,6165.5,7055,-1.0354
2026-04-06 06:55:00,6165.5,6173,6162.5,6168,1057,0.0332
2026-04-06 07:00:00,6168,6170,6146,6146,1281,-0.6795
2026-04-06 07:05:00,6143,6154,6141,6147.5,693,-0.9700
2026-04-06 07:10:00,6147.5,6151.5,6141,6148,1314,-1.0423
2026-04-06 07:15:00,6148,6154.5,6146.5,6149,1610,-0.9398
2026-04-06 07:20:00,6146.5,6157,6143.5,6150,3099,-0.7308
2026-04-06 07:25:00,6149.5,6167.5,6149,6164,1636,0.3651
2026-04-06 07:30:00,6164,6168,6147.5,6151.5,1248,0.2675
2026-04-06 07:35:00,6152,6161,6151.5,6156.5,523,0.5432
2026-04-06 07:40:00,6156.5,6172.5,6156.5,6166.5,1401,1.3563
2026-04-06 07:45:00,6168.5,6170,6161,6165.5,666,1.7584
2026-04-06 07:50:00,6165.5,6170.5,6163.5,6168.5,926,2.1332
2026-04-06 07:55:00,6169,6170,6155.5,6155.5,2227,1.4452
2026-04-06 08:00:00,6156,6161.5,6151.5,6159.5,931,1.2088
2026-04-06 08:05:00,6155.5,6165,6150,6150,912,0.4036
2026-04-06 08:10:00,6150,6153,6139,6140,1499,-0.7489
2026-04-06 08:15:00,6140,6144,6135,6137,1130,-1.6101
2026-04-06 08:20:00,6137,6148.5,6137,6148,1283,-1.3465
2026-04-06 08:25:00,6147,6149.5,6140,6140.5,1769,-1.5693
2026-04-06 08:30:00,6140.5,6167,6140.5,6159.5,2453,-0.3904
2026-04-06 08:35:00,6161.5,6162.5,6141,6141.5,1269,-0.7553
2026-04-06 08:40:00,6142.5,6159.5,6141,6156,1137,0.0072
2026-04-06 08:45:00,6155.5,6162.5,6151,6156.5,1469,0.5429
2026-04-06 08:50:00,6155.5,6166.5,6155,6158,3377,0.9709
2026-04-06 08:55:00,6157.5,6175,6149.5,6168,7497,1.8492
2026-04-06 09:00:00,6168.5,6186,6167.5,6180.5,2725,3.1191
2026-04-06 09:05:00,6180,6183.5,6172.5,6174,2155,3.3482
2026-04-06 09:10:00,6174,6182.5,6174,6180,6071,3.7030
2026-04-06 09:15:00,6180,6184,6180,6180,1695,3.7266
2026-04-06 09:20:00,6180,6191,6180,6185,3913,3.8521
2026-04-06 09:25:00,6185,6190.5,6170,6185,7988,3.7069
2026-04-06 09:30:00,6185,6196,6180,6183,2622,3.2636
2026-04-06 09:35:00,6183.5,6191.5,6178.5,6187,1827,3.0322
2026-04-06 09:40:00,6187,6208.5,6183,6201,3983,3.5769
2026-04-06 09:45:00,6201,6214,6190,6194,5709,3.2313
2026-04-06 09:50:00,6194,6194,6175,6186.5,2164,2.3064
2026-04-06 09:55:00,6186.5,6197.5,6180,6197,4333,2.2105
2026-04-07 03:45:00,6175,6182,6081.5,6144,16092,-1.4184
2026-04-07 03:50:00,6140.5,6150,6118,6130.5,9543,-4.5473
2026-04-07 03:55:00,6127.5,6148.5,6118.5,6148.5,5998,-5.1783
2026-04-07 04:00:00,6146.5,6149.5,6136.5,6142,2295,-5.7622
2026-04-07 04:05:00,6137.5,6142.5,6121,6129.5,6736,-6.6558
2026-04-07 04:10:00,6128.5,6132,6111.5,6115,1910,-7.8092
2026-04-07 04:15:00,6115,6136,6106,6108.5,4253,-8.5365
2026-04-07 04:20:00,6105.5,6118,6101,6116.5,2704,-8.0139
2026-04-07 04:25:00,6117.5,6128,6114.5,6121,1730,-6.9403
2026-04-07 04:30:00,6124.5,6145,6117,6144,2794,-4.3812
2026-04-07 04:35:00,6144,6145,6135,6143,2648,-2.5469
2026-04-07 04:40:00,6140.5,6148.5,6138,6148.5,887,-0.8423
2026-04-07 04:45:00,6147,6163,6142,6160,2550,1.0764
2026-04-07 04:50:00,6160,6166.5,6140,6146,2324,1.3990
2026-04-07 04:55:00,6143.5,6165,6143.5,6160.5,867,2.5198
2026-04-07 05:00:00,6160.5,6172,6158.5,6161.5,1743,3.2149
2026-04-07 05:05:00,6159.5,6169,6153,6169,802,4.0142
2026-04-07 05:10:00,6168,6182,6163.5,6182,2169,5.1788
2026-04-07 05:15:00,6183,6188,6174.5,6186,3940,5.9251
2026-04-07 05:20:00,6183.5,6185,6159,6165,4738,4.7612
2026-04-07 05:25:00,6165,6174,6164,6170,6674,4.1094
2026-04-07 05:30:00,6170,6178,6165,6174,1783,3.7396
2026-04-07 05:35:00,6171.5,6186,6169,6176,1569,3.4298
2026-04-07 05:40:00,6179,6184,6167,6175,1453,2.9745
2026-04-07 05:45:00,6174.5,6190,6169,6190,2250,3.4662
2026-04-07 05:50:00,6190,6197,6185.5,6196,1475,3.9434
2026-04-07 05:55:00,6195,6198,6193,6196,896,3.9947
2026-04-07 06:00:00,6196,6208,6193.5,6203,2147,4.2139
2026-04-07 06:05:00,6203,6204,6199,6203.5,1532,4.1025
2026-04-07 06:10:00,6203,6203.5,6189.5,6200.5,1139,3.5569
2026-04-07 06:15:00,6200.5,6207,6200,6202,906,3.0469
2026-04-07 06:20:00,6202,6207,6200,6204,704,2.6109
2026-04-07 06:25:00,6205,6216.5,6204.5,6208,2795,2.3659
2026-04-07 06:30:00,6208,6209.5,6200,6206.5,944,1.8969
2026-04-07 06:35:00,6206.5,6208.5,6201,6208.5,594,1.5313
2026-04-07 06:40:00,6207,6209,6194,6205,949,0.8950
2026-04-07 06:45:00,6204.5,6220,6204.5,6215,1364,0.9821
2026-04-07 06:50:00,6215,6220,6211.5,6216,1637,0.9413
2026-04-07 06:55:00,6216,6227,6216,6227,1612,1.4585
2026-04-07 07:00:00,6227,6230,6221.5,6227,1587,1.5931
2026-04-07 07:05:00,6227,6234.5,6220.5,6234.5,2168,1.9558
2026-04-07 07:10:00,6234.5,6255,6234,6252,6587,3.0762
2026-04-07 07:15:00,6252,6267,6245,6261,5876,4.0632
2026-04-07 07:20:00,6262,6263,6255,6256,1383,4.0123
2026-04-07 07:25:00,6256,6263,6249,6252.5,3415,3.4000
2026-04-07 07:30:00,6252.5,6263,6247,6259,4470,3.0984
2026-04-07 07:35:00,6257,6258.5,6247.5,6255,1673,2.3302
2026-04-07 07:40:00,6255,6264,6252,6262,4119,2.0065
2026-04-07 07:45:00,6262,6266,6258,6264.5,1059,1.6866
2026-04-07 07:50:00,6264.5,6266,6257,6262,1141,1.0630
2026-04-07 07:55:00,6262,6262,6253.5,6260,1080,0.3111
2026-04-07 08:00:00,6260,6278,6260,6270,3440,0.2834
2026-04-07 08:05:00,6270,6275,6270,6270.5,752,0.1041
2026-04-07 08:10:00,6270.5,6272.5,6263,6270,1893,-0.2249
2026-04-07 08:15:00,6271,6280,6263.5,6268.5,5061,-0.6937
2026-04-07 08:20:00,6272,6272,6261,6263,1304,-1.4793
2026-04-07 08:25:00,6266,6269,6255,6265.5,3045,-1.9084
2026-04-07 08:30:00,6267.5,6275,6266,6270.5,1504,-1.9276
2026-04-07 08:35:00,6270,6273.5,6264.5,6265,862,-2.3546
2026-04-07 08:40:00,6262.5,6262.5,6236,6245,10452,-3.9348
2026-04-07 08:45:00,6244,6255,6243,6247.5,2309,-4.7101
2026-04-07 08:50:00,6247,6252.5,6237.5,6252.5,13394,-4.7699
2026-04-07 08:55:00,6252,6258,6249,6250,5276,-4.8460
2026-04-07 09:00:00,6250,6257.5,6247.5,6256,9971,-4.3748
2026-04-07 09:05:00,6255.5,6260,6241,6258.5,11008,-3.7986
2026-04-07 09:10:00,6256,6258.5,6253.5,6256.5,1633,-3.4654
2026-04-07 09:15:00,6256.5,6260.5,6254,6258,1955,-3.0706
2026-04-07 09:20:00,6258,6265,6256,6260.5,2678,-2.5872
2026-04-07 09:25:00,6260.5,6270,6256.5,6258,3136,-2.3867
2026-04-07 09:30:00,6257.5,6267.5,6251,6266,4380,-1.6985
2026-04-07 09:35:00,6263.5,6270,6258.5,6268,3712,-1.1198
2026-04-07 09:40:00,6270,6273,6263,6272.5,6170,-0.4779
2026-04-07 09:45:00,6272.5,6279,6270,6273,4167,-0.0843
2026-04-07 09:50:00,6273.5,6280,6270,6272,6571,0.0376
2026-04-07 09:55:00,6271,6275,6270,6270,4989,-0.0812
2026-04-08 03:45:00,6399,6464,6370,6413.5,42057,8.9411
2026-04-08 03:50:00,6411.5,6431.5,6386,6403,23403,13.3716
2026-04-08 03:55:00,6402,6465,6393,6443.5,29356,17.9160
2026-04-08 04:00:00,6443.5,6460,6428,6439.5,11524,19.4128
2026-04-08 04:05:00,6440,6443.5,6416.5,6435,4027,18.8449
2026-04-08 04:10:00,6437,6441,6430,6434,4596,17.1930
2026-04-08 04:15:00,6436.5,6455,6406.5,6412.5,8740,13.6008
2026-04-08 04:20:00,6415,6426,6405,6416.5,4392,10.5772
2026-04-08 04:25:00,6419,6422,6408.5,6415,3862,7.6933
2026-04-08 04:30:00,6415,6424.5,6407,6408,5404,4.6796
2026-04-08 04:35:00,6409,6444,6409,6442.5,2834,4.3804
2026-04-08 04:40:00,6442,6450,6435.5,6437,2569,3.2355
2026-04-08 04:45:00,6437.5,6455,6431,6452,3021,2.9214
2026-04-08 04:50:00,6452,6460,6445,6456,4004,2.4360
2026-04-08 04:55:00,6456,6507,6453.5,6506,17117,4.7986
2026-04-08 05:00:00,6507,6527,6502.5,6507.5,7884,5.7164
2026-04-08 05:05:00,6505,6505.5,6479,6490,4650,4.4549
2026-04-08 05:10:00,6490,6525,6490,6520,8666,4.9148
2026-04-08 05:15:00,6521.5,6522,6506.5,6515.5,4062,4.2166
2026-04-08 05:20:00,6515.5,6535,6511.5,6525,6676,3.7130
2026-04-08 05:25:00,6525,6529.5,6507,6514,5499,2.0410
2026-04-08 05:30:00,6512.5,6515,6501.5,6511.5,3273,0.2621
2026-04-08 05:35:00,6512,6512,6500,6505.5,3357,-1.7144
2026-04-08 05:40:00,6507,6508,6485,6496.5,5361,-3.8988
2026-04-08 05:45:00,6495,6496,6455,6488,22357,-6.0582
2026-04-08 05:50:00,6488.5,6509,6486,6495,4760,-7.0856
2026-04-08 05:55:00,6498.5,6509.5,6496,6507,3634,-7.0146
2026-04-08 06:00:00,6505.5,6515,6501,6514,5388,-6.5618
2026-04-08 06:05:00,6514,6525,6504.5,6504.5,6141,-6.9316
2026-04-08 06:10:00,6506.5,6516.5,6503,6510,4051,-6.8244
2026-04-08 06:15:00,6510,6513,6493.5,6503,4315,-7.2061
2026-04-08 06:20:00,6503,6505.5,6466.5,6475,14678,-9.1980
2026-04-08 06:25:00,6476.5,6490,6472.5,6486,6143,-9.5848
2026-04-08 06:30:00,6486,6490,6480,6485,4873,-9.6893
2026-04-08 06:35:00,6487,6497.5,6480,6495,5511,-8.8872
2026-04-08 06:40:00,6494.5,6504,6484.5,6499,5846,-7.9217
2026-04-08 06:45:00,6499.5,6512.5,6495.5,6511,3245,-6.3757
2026-04-08 06:50:00,6512,6529,6508.5,6525,6638,-4.4048
2026-04-08 06:55:00,6525,6528,6512.5,6513,3621,-3.9200
2026-04-08 07:00:00,6513,6514.5,6500.5,6509,4251,-3.8728
2026-04-08 07:05:00,6509,6516.5,6496,6504.5,3683,-4.1252
2026-04-08 07:10:00,6504,6521,6496.5,6514,5916,-3.6495
2026-04-08 07:15:00,6515.5,6525,6513,6518,4088,-3.0849
2026-04-08 07:20:00,6518.5,6525,6518,6522.5,4534,-2.4554
2026-04-08 07:25:00,6523,6528,6508.5,6523,6115,-2.0677
2026-04-08 07:30:00,6522,6542,6521.5,6539,6825,-0.8582
2026-04-08 07:35:00,6539,6544,6534.5,6543.5,3501,0.0712
2026-04-08 07:40:00,6543.5,6572,6539.5,6569,12961,2.1162
2026-04-08 07:45:00,6568,6570,6543,6545,5870,1.5896
2026-04-08 07:50:00,6548.5,6551.5,6537.5,6546,5328,1.0704
2026-04-08 07:55:00,6546,6559,6545.5,6559,5077,1.3466
2026-04-08 08:00:00,6557.5,6560,6548.5,6560,4136,1.3379
2026-04-08 08:05:00,6560,6576,6551.5,6565.5,63332,1.4352
2026-04-08 08:10:00,6565.5,6566,6544,6562,4627,1.0162
2026-04-08 08:15:00,6562,6569.5,6557,6565,4253,0.7081
2026-04-08 08:20:00,6565,6584.5,6555,6560.5,15609,0.0054
2026-04-08 08:25:00,6560.5,6565.5,6544.5,6559,3558,-0.7163
2026-04-08 08:30:00,6558.5,6566,6549.5,6560,2667,-1.2510
2026-04-08 08:35:00,6562,6565.5,6551,6554,2386,-2.0843
2026-04-08 08:40:00,6556.5,6559,6540.5,6548.5,3983,-3.0244
2026-04-08 08:45:00,6550.5,6552,6541.5,6548,2533,-3.6561
2026-04-08 08:50:00,6547.5,6552.5,6543,6549,1998,-3.9575
2026-04-08 08:55:00,6548,6562,6545,6562,4166,-3.2611
2026-04-08 09:00:00,6562.5,6570.5,6559,6561.5,3471,-2.8299
2026-04-08 09:05:00,6561.5,6565,6558,6561,2520,-2.5812
2026-04-08 09:10:00,6563,6569,6558.5,6566,21555,-2.1030
2026-04-08 09:15:00,6567.5,6575,6562,6570,8499,-1.5650
2026-04-08 09:20:00,6569,6574.5,6553.5,6563,6645,-1.7161
2026-04-08 09:25:00,6563,6568.5,6558,6562,3271,-1.9045
2026-04-08 09:30:00,6561.5,6561.5,6533,6554.5,7131,-2.5168
2026-04-08 09:35:00,6556,6579,6554.5,6564.5,9813,-2.2402
2026-04-08 09:40:00,6564,6565,6556.5,6563.5,11813,-2.1178
2026-04-08 09:45:00,6563.5,6573,6557,6570,20458,-1.6150
2026-04-08 09:50:00,6570,6576,6561,6569.5,15956,-1.3433
2026-04-08 09:55:00,6567.5,6570,6560,6569,12331,-1.2274
2026-04-09 03:45:00,6575,6580,6511.5,6556,36659,-2.0103
2026-04-09 03:50:00,6556,6592,6552,6566,17742,-1.8432
2026-04-09 03:55:00,6566,6570.5,6558,6567,10372,-1.6594
2026-04-09 04:00:00,6567,6570,6528,6530,7834,-3.8961
2026-04-09 04:05:00,6528,6534.5,6520,6527,5728,-5.3541
2026-04-09 04:10:00,6521.5,6527,6508,6510,3200,-7.1287
2026-04-09 04:15:00,6512,6518,6495,6500,6919,-8.5458
2026-04-09 04:20:00,6503,6504,6483.5,6499.5,3641,-9.0388
2026-04-09 04:25:00,6498,6502.5,6491,6496.5,3881,-9.0657
2026-04-09 04:30:00,6497.5,6510.5,6490.5,6503.5,16164,-8.1402
2026-04-09 04:35:00,6503,6507.5,6492.5,6501,8564,-7.2540
2026-04-09 04:40:00,6500,6510,6497,6499,10103,-6.3904
2026-04-09 04:45:00,6500,6512.5,6495,6499,11804,-5.4441
2026-04-09 04:50:00,6499,6510.5,6497,6506,4915,-4.0363
2026-04-09 04:55:00,6509,6509,6495,6502.5,6147,-3.0741
2026-04-09 05:00:00,6503,6517.5,6501,6510,17514,-1.7326
2026-04-09 05:05:00,6510,6538.5,6507.5,6530,6546,0.5781
2026-04-09 05:10:00,6530,6544,6521,6524.5,4918,1.7464
2026-04-09 05:15:00,6524.5,6542.5,6523,6542.5,2223,3.6331
2026-04-09 05:20:00,6540,6547,6533,6541,4126,4.6185
2026-04-09 05:25:00,6539,6545.5,6533,6538,3159,4.8811
2026-04-09 05:30:00,6535,6555,6535,6540,5810,4.9849
2026-04-09 05:35:00,6540,6547.5,6534.5,6547.5,1903,5.3232
2026-04-09 05:40:00,6547,6549,6538.5,6544,1750,5.0768
2026-05-29 05:45:00,7260,7283,7258,7265,6410,50.7011
2026-05-29 05:50:00,7264.5,7269.5,7257,7267,3923,76.6840
2026-05-29 05:55:00,7267,7299,7262,7295.5,9826,90.5105
2026-05-29 06:00:00,7295,7322.5,7294,7311.5,16808,94.9888
2026-05-29 06:05:00,7314.5,7330,7307.5,7329.5,9236,93.2841
2026-05-29 06:10:00,7330,7340,7311,7317.5,11441,85.6663
2026-05-29 06:15:00,7319,7319.5,7297.5,7308.5,8748,74.7378
2026-05-29 06:20:00,7308.5,7329,7308,7325,7810,63.7642
2026-05-29 06:25:00,7324.5,7325,7306.5,7315,2150,51.5010
2026-05-29 06:30:00,7315,7315,7284,7289.5,7451,37.9658
2026-05-29 06:35:00,7289.5,7297.5,7276,7286.5,7777,25.6922
2026-05-29 06:40:00,7285,7309,7270,7275,4849,14.2519
2026-05-29 06:45:00,7275,7294.5,7267,7291,4171,5.6560
2026-05-29 06:50:00,7290,7291,7280,7289,1986,-1.8681
2026-05-29 06:55:00,7287.5,7290.5,7280,7287,1823,-8.3217
2026-05-29 07:00:00,7286.5,7290.5,7272,7272,1825,-14.5767
2026-05-29 07:05:00,7272,7282,7268,7278.5,2098,-18.9739
2026-05-29 07:10:00,7278.5,7292,7276,7291.5,2650,-21.5183
2026-05-29 07:15:00,7291.5,7312.5,7288,7306.5,4852,-22.5912
2026-05-29 07:20:00,7308.5,7315,7297,7303,4071,-23.8147
2026-05-29 07:25:00,7303,7305,7295,7300.5,1717,-24.9504
2026-05-29 07:30:00,7300.5,7301,7295,7296,1786,-26.0423
2026-05-29 07:35:00,7296,7301,7287,7288,1782,-27.2135
2026-05-29 07:40:00,7287.5,7290,7270,7272.5,2537,-28.7896
2026-05-29 07:45:00,7273,7292.5,7265.5,7286.5,3224,-28.5887
2026-05-29 07:50:00,7286.5,7289.5,7270,7272.5,3220,-29.0062
2026-05-29 07:55:00,7275,7280,7270.5,7277,1960,-28.5426
2026-05-29 08:00:00,7277,7288,7274,7278,2154,-27.7095
2026-05-29 08:05:00,7279.5,7290,7273.5,7288,1993,-26.0509
2026-05-29 08:10:00,7285,7294,7283.5,7285,1308,-24.7322
2026-05-29 08:15:00,7288,7290,7284,7286,1273,-23.3838
2026-05-29 08:20:00,7289,7294.5,7236.5,7248,6906,-24.5233
2026-05-29 08:25:00,7247.5,7269.5,7247.5,7262,1940,-23.7879
2026-05-29 08:30:00,7264.5,7264.5,7254,7258,1176,-23.0104
2026-05-29 08:35:00,7258,7269,7246,7266.5,2374,-21.3971
2026-05-29 08:40:00,7265,7268,7252.5,7256,3019,-20.5083
2026-05-29 08:45:00,7255.5,7263.5,7248,7251,2742,-19.7225
2026-05-29 08:50:00,7248,7263,7241.5,7255,3371,-18.4231
2026-05-29 08:55:00,7254.5,7262.5,7254.5,7258,841,-16.8917
2026-05-29 09:00:00,7258,7274,7253.5,7268.5,2223,-14.7780
2026-05-29 09:05:00,7266,7268.5,7246.5,7249.5,1984,-14.2592
2026-05-29 09:10:00,7250,7260,7248,7253.5,1259,-13.2668
2026-05-29 09:15:00,7256.5,7269,7253.5,7266.5,3599,-11.4251
2026-05-29 09:20:00,7264.5,7268,7255,7257,3353,-10.5574
2026-05-29 09:25:00,7258,7269,7250,7260.5,5384,-9.4921
2026-05-29 09:30:00,7263,7263,7202,7243,165547,-9.6771
2026-05-29 09:35:00,7242.5,7267,7227.5,7261,115766,-8.3487
2026-05-29 09:40:00,7261,7271.5,7253,7269,114799,-6.7604
2026-05-29 09:45:00,7269,7281,7267.5,7273.5,94223,-5.3005
2026-05-29 09:50:00,7274,7275,7271.5,7271.5,100834,-4.4003
2026-05-29 09:55:00,7271.5,7275,7208.5,7270,84901,-3.8561
2026-06-01 03:45:00,7253,7254,7186,7190,13233,-8.5645
2026-06-01 03:50:00,7192,7205,7125,7142,15332,-14.2567
2026-06-01 03:55:00,7139,7165,7130,7151,4220,-16.5969
2026-06-01 04:00:00,7152.5,7194,7143,7167.5,9194,-16.1971
2026-06-01 04:05:00,7168.5,7168.5,7109,7127,8820,-17.7015
2026-06-01 04:10:00,7127.5,7142,7113,7116,6348,-18.3976
2026-06-01 04:15:00,7118,7148,7114,7133,3192,-16.7218
2026-06-01 04:20:00,7135,7145,7111,7112,6783,-16.0341
2026-06-01 04:25:00,7112,7116.5,7072,7076.5,6511,-16.8906
2026-06-01 04:30:00,7077,7084.5,7025,7030,12205,-19.3336
2026-06-01 04:35:00,7033,7043.5,7014.5,7034.5,10693,-19.3441
2026-06-01 04:40:00,7034,7088,7033.5,7077,8810,-15.3603
2026-06-01 04:45:00,7077.5,7102,7070.5,7085.5,4999,-11.2165
2026-06-01 04:50:00,7086,7096.5,7070,7084.5,3760,-7.7705
2026-06-01 04:55:00,7084,7109,7083,7101.5,3856,-3.7759
2026-06-01 05:00:00,7100,7119,7100,7112,3139,-0.0531
2026-06-01 05:05:00,7113.5,7119,7095,7099.5,2830,1.8364
2026-06-01 05:10:00,7099,7110,7086.5,7108,1912,3.8138
2026-06-01 05:15:00,7110,7150,7108.5,7142.5,4421,7.3933
2026-06-01 05:20:00,7142,7149,7136,7147.5,2221,9.8897
2026-06-01 05:25:00,7146.5,7163,7146.5,7151.5,2368,11.4901
2026-06-01 05:30:00,7153.5,7177.5,7148.5,7173.5,2798,13.5675
2026-06-01 05:35:00,7175,7185,7168.5,7179,1992,14.7511
2026-06-01 05:40:00,7179,7185,7176,7182,1086,15.1193
2026-06-01 05:45:00,7180.5,7189.5,7172,7176,2541,14.3482
2026-06-01 05:50:00,7177,7177.5,7155,7158,2412,12.1050
2026-06-01 05:55:00,7157.5,7160,7142,7142,1496,9.1567
2026-06-01 06:00:00,7143,7143.5,7125.5,7132,2463,6.2831
2026-06-01 06:05:00,7131.5,7162,7126.5,7158.5,4392,5.9219
2026-06-01 06:10:00,7161,7168.5,7154,7157,1615,5.3541
2026-06-01 06:15:00,7157.5,7166,7152,7157,1333,4.7700
2026-06-01 06:20:00,7156.5,7162,7150,7159.5,917,4.3549
2026-06-01 06:25:00,7160,7160.5,7139.5,7147.5,6205,3.1324
2026-06-01 06:30:00,7149.5,7163.5,7147.5,7160,2178,3.0242
2026-06-01 06:35:00,7159.5,7170,7152,7159.5,4562,2.7836
2026-06-01 06:40:00,7160,7199,7159,7198.5,7132,4.9870
2026-06-01 06:45:00,7197,7197,7160,7161,3604,3.7134
2026-06-01 06:50:00,7162,7163,7089,7100,24747,-1.1809
2026-06-01 06:55:00,7100,7104,7093.5,7093.5,1737,-4.6073
2026-06-01 07:00:00,7093.5,7094.5,7079,7086,1775,-6.9874
2026-06-01 07:05:00,7086,7112,7085.5,7098.5,4204,-7.2945
2026-06-01 07:10:00,7099,7138,7098,7136,29021,-4.6743
2026-06-01 07:15:00,7135.5,7139,7111.5,7120,8020,-3.7602
2026-06-01 07:20:00,7120,7149,7117,7135.5,39326,-1.9445
2026-06-01 07:25:00,7135.5,7137,7124,7128,1382,-1.1223
2026-06-01 07:30:00,7128.5,7134,7125,7127.5,1115,-0.5166
2026-06-01 07:35:00,7129,7136,7106,7110,6189,-1.1621
2026-06-01 07:40:00,7110,7115,7085.5,7091,5146,-2.6510
2026-06-01 07:45:00,7091,7102.5,7089,7099.5,1455,-2.8295
2026-06-01 07:50:00,7099.5,7100.5,7093,7095.5,1012,-2.9686
2026-06-01 07:55:00,7095.5,7108,7093.5,7099.5,5998,-2.5584
2026-06-01 08:00:00,7100,7104.5,7095,7097.5,3976,-2.2025
2026-06-01 08:05:00,7095.5,7103,7093,7098,7130,-1.7346
2026-06-01 08:10:00,7098,7100,7083,7083.5,1782,-2.1745
2026-06-01 08:15:00,7083.5,7095,7078.5,7090.5,3067,-1.7832
2026-06-01 08:20:00,7090.5,7091.5,7070,7070.5,3717,-2.6105
2026-06-01 08:25:00,7071.5,7096,7071.5,7090,5288,-1.6315
2026-06-01 08:30:00,7091.5,7099,7072.5,7085,2352,-1.1314
2026-06-01 08:35:00,7086.5,7092,7081,7089.5,1271,-0.3489
2026-06-01 08:40:00,7090,7102.5,7084,7090,6605,0.3152
2026-06-01 08:45:00,7089.5,7094.5,7077,7089.5,5919,0.8056
2026-06-01 08:50:00,7090,7092,7072,7081,2350,0.6492
2026-06-01 08:55:00,7081,7089,7074,7078,1106,0.4449
2026-06-01 09:00:00,7078,7083.5,7060.5,7064.5,7203,-0.4496
2026-06-01 09:05:00,7064.5,7084,7061.5,7082,3189,0.2495
2026-06-01 09:10:00,7082,7083,7065.5,7071,1367,0.0914
2026-06-01 09:15:00,7069,7080,7062,7069,1702,-0.0216
2026-06-01 09:20:00,7070,7071.5,7051.5,7057,3038,-0.7384
2026-06-01 09:25:00,7056.5,7057.5,7038,7042.5,4642,-1.9541
2026-06-01 09:30:00,7043,7043.5,7017,7018.5,11686,-4.0205
2026-06-01 09:35:00,7019,7029.5,7004,7027.5,10115,-4.3966
2026-06-01 09:40:00,7028,7043,7021,7039,11689,-3.5240
2026-06-01 09:45:00,7038,7058.5,7021.5,7026.5,15593,-3.4381
2026-06-01 09:50:00,7024,7032,7012,7023,11533,-3.2675
2026-06-01 09:55:00,7023,7057.5,7005,7030,11986,-2.3754
2026-06-02 03:45:00,6970,7017,6957,6981,20721,-4.6460
2026-06-02 03:50:00,6981,6995,6961.5,6993.5,9112,-4.8447
2026-06-02 03:55:00,6997,7020.5,6977,6991.5,12407,-4.6486
2026-06-02 04:00:00,6991.5,6992,6970.5,6978,5808,-4.9386
2026-06-02 04:05:00,6978,7013.5,6970,6996.5,6932,-3.4647
2026-06-02 04:10:00,7000,7016,6994,6996.5,6263,-2.1352
2026-06-02 04:15:00,6994,7006,6985,6997,10157,-0.9292
2026-06-02 04:20:00,6997.5,7078.5,6994.5,7078.5,17612,5.3077
2026-06-02 04:25:00,7078.5,7097,7074.5,7087.5,8120,9.7318
2026-06-02 04:30:00,7087.5,7120,7082,7117,11661,14.0741
2026-06-02 04:35:00,7114.5,7119,7096.5,7105.5,5147,15.4887
2026-06-02 04:40:00,7103.5,7103.5,7066,7070,8382,13.4273
2026-06-02 04:45:00,7070,7094.5,7050,7091,14589,12.8703
2026-06-02 04:50:00,7089.5,7113.5,7083.5,7111.5,7541,13.2242
2026-06-02 04:55:00,7111.5,7130,7102,7120,11474,13.3345
2026-06-02 05:00:00,7119,7122,7087,7092,4308,10.9267
2026-06-02 05:05:00,7089.5,7117.5,7089.5,7117,6318,10.4242
2026-06-02 05:10:00,7117,7121.5,7111,7116,3903,9.4592
2026-06-02 05:15:00,7113,7113,7099,7101.5,4982,7.3718
2026-06-02 05:20:00,7100,7102.5,7070,7077.5,7440,4.0673
2026-06-02 05:25:00,7078,7090.5,7067,7083,6306,2.0465
2026-06-02 05:30:00,7087,7107,7085.5,7101,3626,1.7293
2026-06-02 05:35:00,7101,7109,7101,7104,1266,1.5353
2026-06-02 05:40:00,7105,7120,7102.5,7117.5,4601,2.0953
2026-06-02 05:45:00,7117.5,7145,7111.5,7144.5,11162,3.9552
2026-06-02 05:50:00,7145,7158,7138.5,7146.5,7600,4.9280
2026-06-02 05:55:00,7146.5,7146.5,7126,7138,7475,4.6125
2026-06-02 06:00:00,7135,7139,7129.5,7138,2909,4.0379
2026-06-02 06:05:00,7138,7144,7116.5,7116.5,4949,1.9498
2026-06-02 06:10:00,7119,7145,7117,7131,5326,1.3154
2026-06-02 06:15:00,7130.5,7142.5,7115.5,7127,3893,0.4420
2026-06-02 06:20:00,7127,7127,7097,7111,5689,-1.3024
2026-06-02 06:25:00,7111,7112,7097,7101.5,2004,-3.0835
2026-06-02 06:30:00,7100,7105,7095.5,7103.5,3968,-4.0532
2026-06-02 06:35:00,7100,7110,7088.5,7106.5,10630,-4.3905
2026-06-02 06:40:00,7105,7105,7081,7081.5,6432,-6.0907
2026-06-02 06:45:00,7081.5,7111.5,7080.5,7106.5,3671,-5.3511
2026-06-02 06:50:00,7106.5,7108,7096,7098,2343,-5.2469
2026-06-02 06:55:00,7097.5,7108,7095,7098,2207,-4.9919
2026-06-02 07:00:00,7098,7111,7092,7105.5,4655,-4.1657
2026-06-02 07:05:00,7105,7115,7101,7113.5,3448,-2.9835
2026-06-02 07:10:00,7113.5,7130,7110.5,7125,3543,-1.4100
2026-06-02 07:15:00,7125,7131.5,7123.5,7130,4291,-0.0852
2026-06-02 07:20:00,7130,7131.5,7124.5,7130,4651,0.6953
2026-06-02 07:25:00,7130,7140,7125,7126.5,7177,0.8688
2026-06-02 07:30:00,7126.5,7131,7124,7125.5,7855,0.8103
2026-06-02 07:35:00,7126,7130,7117,7123.5,5097,0.5438
2026-06-02 07:40:00,7123.5,7131,7118,7122.5,5409,0.2234
2026-06-02 07:45:00,7122.5,7122.5,7085.5,7102,10509,-1.3588
2026-06-02 07:50:00,7100.5,7114.5,7095.5,7112.5,3815,-1.6676
2026-06-02 07:55:00,7112.5,7115,7105.5,7110.5,6734,-1.9559
2026-06-02 08:00:00,7110.5,7132,7108.5,7130,5429,-0.8398
2026-06-02 08:05:00,7130,7130,7118.5,7125.5,3331,-0.4315
2026-06-02 08:10:00,7125.5,7127,7116,7122.5,2761,-0.3917
2026-06-02 08:15:00,7122.5,7125,7118,7124,3803,-0.2969
2026-06-02 08:20:00,7124,7130,7119.5,7124,3000,-0.2675
2026-06-02 08:25:00,7124,7133.5,7121,7130,3945,0.1028
2026-06-02 08:30:00,7127.5,7155,7127.5,7150,19161,1.5606
2026-06-02 08:35:00,7149.5,7168,7149,7163.5,5826,3.2052
2026-06-02 08:40:00,7164,7166.5,7154,7158,3345,3.6609
2026-06-02 08:45:00,7158,7169,7152,7155.5,5359,3.5305
2026-06-02 08:50:00,7154.5,7167.5,7152,7158,3513,3.3508
2026-06-02 08:55:00,7155,7164.5,7147.5,7159.5,4650,3.0780
2026-06-02 09:00:00,7157.5,7164.5,7153.5,7155,4014,2.3713
2026-06-02 09:05:00,7155,7160,7130,7135.5,9218,0.4670
2026-06-02 09:10:00,7135,7135.5,7112,7126,7834,-1.4509
2026-06-02 09:15:00,7126,7149,7119.5,7143.5,10584,-1.5505
2026-06-02 09:20:00,7145,7152.5,7140,7144.5,4041,-1.5547
2026-06-02 09:25:00,7144.5,7148.5,7133.5,7137,4238,-2.0377
2026-06-02 09:30:00,7136.5,7144,7121.5,7144,8650,-1.8655
2026-06-02 09:35:00,7144,7156.5,7142,7154,9143,-1.0960
2026-06-02 09:40:00,7155,7156,7138,7140.5,9174,-1.4896
2026-06-02 09:45:00,7140.5,7149,7140.5,7145.5,9506,-1.4077
2026-06-02 09:50:00,7145.5,7159.5,7142,7154,11126,-0.8053
2026-06-02 09:55:00,7154,7159,7137,7159,13332,-0.1299
2026-06-03 03:45:00,7146,7187,7083,7152,18997,-0.2096
2026-06-03 03:50:00,7152,7181.5,7142,7178,13792,1.3480
2026-06-03 03:55:00,7177.5,7177.5,7127,7127,7974,-1.0668
2026-06-03 04:00:00,7126.5,7149,7116,7129.5,4437,-2.4282
2026-06-03 04:05:00,7132,7192,7125.5,7188.5,8754,0.5533
2026-06-03 04:10:00,7191.5,7192,7167.5,7175,4311,1.4724
2026-06-03 04:15:00,7175,7186,7151.5,7154,6037,0.5688
2026-06-03 04:20:00,7154,7161.5,7131.5,7134,4148,-1.3674
2026-06-03 04:25:00,7132.5,7140,7102.5,7135,6823,-2.5061
2026-06-03 04:30:00,7132,7167.5,7130,7167.5,3201,-1.0692
2026-06-03 04:35:00,7170,7193.5,7159,7178.5,6995,0.5371
2026-06-03 04:40:00,7175,7182,7151.5,7177,7535,1.3663
2026-06-03 04:45:00,7180,7189.5,7178,7186,2768,2.3321
2026-06-03 04:50:00,7186,7207,7186,7201,5740,3.7103
2026-06-03 04:55:00,7200,7210,7196.5,7210,3957,4.8835
2026-06-03 05:00:00,7210,7235,7203.5,7204.5,10117,4.9302
2026-06-03 05:05:00,7204.5,7211.5,7197,7200,3440,4.3209
2026-06-03 05:10:00,7202,7206,7192,7199,5925,3.5460
2026-06-03 05:15:00,7199,7209.5,7192,7203.5,4443,3.0507
2026-06-03 05:20:00,7203.5,7208,7192,7204.5,1429,2.5264
2026-06-03 05:25:00,7207,7219,7198,7198,4276,1.5270
2026-06-03 05:30:00,7198,7214.5,7194.5,7200,3856,0.8212
2026-06-03 05:35:00,7200,7204.5,7181,7185,4657,-0.7504
2026-06-03 05:40:00,7187,7194,7180,7185,4327,-1.8233
2026-06-03 05:45:00,7183,7195,7172,7191,3380,-2.1403
2026-06-03 05:50:00,7193,7212,7189,7209,3188,-1.1962
2026-06-03 05:55:00,7208,7220,7208,7214.5,3537,-0.3062
2026-06-03 06:00:00,7214.5,7220,7203,7210,1734,-0.1342
2026-06-03 06:05:00,7210,7225,7210,7217.5,2813,0.3449
2026-06-03 06:10:00,7217.5,7218,7202.5,7210.5,1823,0.0651
2026-06-03 06:15:00,7211,7238.5,7207,7214,6116,-0.0056
2026-06-03 06:20:00,7216,7217.5,7195,7195,2660,-1.3775
2026-06-03 06:25:00,7198.5,7198.5,7183,7188.5,2774,-2.6922
2026-06-03 06:30:00,7188.5,7191.5,7145,7163.5,5318,-5.0766
2026-06-03 06:35:00,7164.5,7178,7164,7176.5,2055,-5.5698
2026-06-03 06:40:00,7176.5,7178.5,7164.5,7172,2256,-5.9559
2026-06-03 06:45:00,7172,7185,7165.5,7180.5,1200,-5.4115
2026-06-03 06:50:00,7179.5,7197,7179,7189.5,2132,-4.2681
2026-06-03 06:55:00,7192,7210,7189,7209,2632,-2.1294
2026-06-03 07:00:00,7210,7222,7200,7212.5,3378,-0.4953
2026-06-03 07:05:00,7212,7229.5,7212,7216,2851,0.7382
2026-06-03 07:10:00,7217,7230,7215,7220.5,3617,1.7179
2026-06-03 07:15:00,7224,7228,7212.5,7225,2145,2.4833
2026-06-03 07:20:00,7225,7230,7215,7223,2659,2.6538
2026-06-03 07:25:00,7223.5,7224,7213.5,7219.5,3171,2.3407
2026-06-03 07:30:00,7219,7226.5,7216.5,7221.5,2082,2.0866
2026-06-03 07:35:00,7222.5,7226.5,7212,7216.5,1730,1.4313
2026-06-03 07:40:00,7219.5,7226.5,7217.5,7226.5,1266,1.5128
2026-06-03 07:45:00,7227.5,7237,7220,7228,3976,1.5061
2026-06-03 07:50:00,7228,7235,7226,7226,1203,1.2176
2026-06-03 07:55:00,7227,7228.5,7221,7225,1018,0.8286
2026-06-03 08:00:00,7225,7229,7214,7226,2931,0.5228
2026-06-03 08:05:00,7226.5,7226.5,7216.5,7219,1696,-0.2266
2026-06-03 08:10:00,7222,7233,7217,7226.5,2205,-0.2888
2026-06-03 08:15:00,7226.5,7239.5,7226.5,7233.5,2349,0.0517
2026-06-03 08:20:00,7234,7237,7225,7228.5,1321,-0.1392
2026-06-03 08:25:00,7229,7234.5,7223.5,7234.5,2148,0.0491
2026-06-03 08:30:00,7234.5,7235,7228,7234,1673,0.0504
2026-06-03 08:35:00,7234,7236,7228,7229.5,1184,-0.3211
2026-06-03 08:40:00,7229.5,7230.5,7220,7228.5,2103,-0.6826
2026-06-03 08:45:00,7228.5,7238.5,7228,7237,3688,-0.4111
2026-06-03 08:50:00,7235.5,7238,7225,7232,1710,-0.6176
2026-06-03 08:55:00,7235.5,7236.5,7220,7231.5,2898,-0.8244
2026-06-03 09:00:00,7232.5,7247,7230,7237.5,2775,-0.6038
2026-06-03 09:05:00,7239,7240,7229,7238,2165,-0.4765
2026-06-03 09:10:00,7237.5,7240,7236,7238,2066,-0.4452
2026-06-03 09:15:00,7238,7241,7227,7233,2956,-0.7937
2026-06-03 09:20:00,7232,7238.5,7225,7225.5,3344,-1.5199
2026-06-03 09:25:00,7225.5,7225.5,7210.5,7221,4209,-2.2496
2026-06-03 09:30:00,7224.5,7225,7196,7207.5,9262,-3.5127
2026-06-03 09:35:00,7209.5,7219.5,7199,7203,5450,-4.4614
2026-06-03 09:40:00,7203.5,7208.5,7178.5,7191.5,7257,-5.5999
2026-06-03 09:45:00,7193.5,7195,7181.5,7185.5,7272,-6.4340
2026-06-03 09:50:00,7187,7193.5,7183,7188.5,7950,-6.4445
2026-06-03 09:55:00,7186.5,7196,7170,7195,7349,-5.7001
2026-06-04 03:45:00,7192,7244.5,7165,7215.5,8054,-3.6153
2026-06-04 03:50:00,7216,7263,7209.5,7258,5693,0.6127
2026-06-04 03:55:00,7257.5,7270,7243.5,7265,7680,3.6955
2026-06-04 04:00:00,7262.5,7296,7236,7288,16193,6.9114
2026-06-04 04:05:00,7288,7304,7282.5,7283.5,11029,8.2715
2026-06-04 04:10:00,7287.5,7287.5,7265,7269,3515,7.7401
2026-06-04 04:15:00,7270.5,7285,7268,7282,2187,7.7884
2026-06-04 04:20:00,7280,7294.5,7268,7291.5,4038,7.9563
2026-06-04 04:25:00,7294,7299,7285,7287.5,2809,7.3107
2026-06-04 04:30:00,7288,7308,7288,7297.5,5596,7.0659
2026-06-04 04:35:00,7302,7303,7282,7284,3885,5.5692
2026-06-04 04:40:00,7285,7298,7284,7287.5,1333,4.4387
2026-06-04 04:45:00,7285.5,7291.5,7284,7285,791,3.2038
2026-06-04 04:50:00,7285.5,7298,7284,7298,968,2.9501
2026-06-04 04:55:00,7299,7300,7286.5,7290,850,1.9779
2026-06-04 05:00:00,7290,7292.5,7273.5,7274,1323,0.0912
2026-06-04 05:05:00,7277,7278.5,7261.5,7266,2615,-1.7595
2026-06-04 05:10:00,7268.5,7301,7263,7298.5,3393,-0.9019
2026-06-04 05:15:00,7298.5,7318,7294.5,7300,6115,-0.3681
2026-06-04 05:20:00,7300,7308,7290,7307,1899,0.2866
2026-06-04 05:25:00,7306.5,7316.5,7302.5,7313.5,1886,0.9502
2026-06-04 05:30:00,7314,7315.5,7300,7307.5,2993,0.7848
2026-06-04 05:35:00,7306,7308,7293.5,7306.5,3075,0.4256
2026-06-04 05:40:00,7307.5,7310,7283,7295,4496,-0.7072
2026-06-04 05:45:00,7295,7297.5,7290,7297.5,1666,-1.3704
2026-06-04 05:50:00,7296,7300,7291,7298,1176,-1.8291
2026-06-04 05:55:00,7298,7298,7293.5,7295,731,-2.3547
2026-06-04 06:00:00,7294,7301,7290,7297,4579,-2.5702
2026-06-04 06:05:00,7297,7310,7297,7310,4482,-1.8723
2026-06-04 06:10:00,7309,7317.5,7301,7309.5,2058,-1.4956
2026-06-04 06:15:00,7309,7311.5,7301,7306.5,3708,-1.4963
2026-06-04 06:20:00,7305.5,7306.5,7290,7297,2304,-2.1447
2026-06-04 06:25:00,7296.5,7308,7296.5,7303,660,-2.1712
2026-06-04 06:30:00,7302.5,7306,7297,7305.5,816,-2.0248
2026-06-04 06:35:00,7306,7307.5,7302,7307,443,-1.8370
2026-06-04 06:40:00,7307,7324,7301,7324,8417,-0.6397
2026-06-04 06:45:00,7324,7327,7310,7317.5,4446,-0.3706
2026-06-04 06:50:00,7318,7324,7315,7320,865,-0.1223
2026-06-04 06:55:00,7321,7324,7317.5,7323,520,0.1322
2026-06-04 07:00:00,7323,7324.5,7301.5,7308,5680,-0.7719
2026-06-04 07:05:00,7310,7314,7305,7311.5,1370,-1.1722
2026-06-04 07:10:00,7313,7313,7309.5,7311,671,-1.4885
2026-06-04 07:15:00,7311,7311,7306.5,7309,1048,-1.8278
2026-06-04 07:20:00,7309,7309,7283,7287,4409,-3.4360
2026-06-04 07:25:00,7285,7294.5,7281,7289,2511,-4.2157
2026-06-04 07:30:00,7289,7290,7264.5,7270,3702,-5.7659
2026-06-04 07:35:00,7270,7270,7251.5,7256.5,9088,-7.3535
2026-06-04 07:40:00,7258,7263,7222,7226,8476,-9.9496
2026-06-04 07:45:00,7229.5,7248,7225.5,7247,2570,-9.7323
2026-06-04 07:50:00,7245.5,7260,7236,7237,3565,-9.7192
2026-06-04 07:55:00,7235.5,7244.5,7232.5,7238,2571,-9.1107
2026-06-04 08:00:00,7238,7238.5,7226,7230,1642,-8.7144
2026-06-04 08:05:00,7234,7238,7221,7235,1879,-7.6225
2026-06-04 08:10:00,7235,7241.5,7222.5,7227,1663,-6.9640
2026-06-04 08:15:00,7227,7230.5,7214,7224.5,4425,-6.2449
2026-06-04 08:20:00,7224.5,7228.5,7215,7228.5,2408,-5.0964
2026-06-04 08:25:00,7227.5,7229.5,7220.5,7221,1540,-4.4613
2026-06-04 08:30:00,7223.5,7243.5,7223,7236,1525,-2.7351
2026-06-04 08:35:00,7235.5,7240,7226,7233.5,1870,-1.5262
2026-06-04 08:40:00,7233.5,7237,7217,7217.5,2630,-1.5630
2026-06-04 08:45:00,7217,7224.5,7214.5,7216,1179,-1.4496
2026-06-04 08:50:00,7215.5,7216.5,7203,7207.5,1889,-1.6915
2026-06-04 08:55:00,7209.5,7219,7198,7202,2634,-1.9481
2026-06-04 09:00:00,7200.5,7220,7185,7213.5,5278,-1.1111
2026-06-04 09:05:00,7215,7244.5,7215,7238.5,6544,1.2315
2026-06-04 09:10:00,7240,7241,7231,7231.5,2141,2.3500
2026-06-04 09:15:00,7234,7235,7216.5,7223,6205,2.5416
2026-06-04 09:20:00,7225,7229.5,7198.5,7202.5,4060,1.3705
2026-06-04 09:25:00,7202.5,7214,7200,7205,4870,0.8715
2026-06-04 09:30:00,7205.5,7205.5,7156,7163,12614,-2.0221
2026-06-04 09:35:00,7163,7172,7157,7165,6319,-3.4522
2026-06-04 09:40:00,7166.5,7170,7154.5,7166,7854,-3.9461
2026-06-04 09:45:00,7166,7167,7151.5,7158.5,9853,-4.3607
2026-06-04 09:50:00,7158,7158.5,7136,7140.5,12306,-5.3640
2026-06-04 09:55:00,7140.5,7163,7122.5,7160,9849,-4.2783
2026-06-05 03:45:00,7175,7203.5,7156,7174.5,8098,-2.2496
2026-06-05 03:50:00,7174.5,7185,7160,7162,4644,-1.4540
2026-06-05 03:55:00,7164.5,7167,7157,7163.5,2975,-0.5764
2026-06-05 04:00:00,7164,7197,7160.5,7197,1979,2.3502
2026-06-05 04:05:00,7197,7217,7175,7184.5,4055,3.4667
2026-06-05 04:10:00,7184,7200,7180,7195,1448,4.8500
2026-06-05 04:15:00,7195,7210,7183,7185.5,3535,5.0405
2026-06-05 04:20:00,7186.5,7195.5,7178.5,7181.5,1792,4.8131
2026-06-05 04:25:00,7181,7206,7138.5,7150,7466,2.5696
2026-06-05 04:30:00,7148,7157.5,7132,7151,3559,1.2483
2026-06-05 04:35:00,7153.5,7184.5,7145.5,7181.5,2554,2.4540
2026-06-05 04:40:00,7184,7194.5,7175,7181.5,4227,3.2285
2026-06-05 04:45:00,7181.5,7185,7172,7178,1798,3.4612
2026-06-05 04:50:00,7180,7185,7172,7183.5,1803,3.9088
2026-06-05 04:55:00,7183.5,7185,7168.5,7175.5,1988,3.5970
2026-06-05 05:00:00,7176.5,7182,7160,7164.5,1285,2.6260
2026-06-05 05:05:00,7164,7167,7135,7147.5,2829,0.9038
2026-06-05 05:10:00,7147,7149.5,7138.5,7143,1811,-0.4032
2026-06-05 05:15:00,7145,7170,7135,7170,1984,0.6296
2026-06-05 05:20:00,7172,7210.5,7172,7205,5622,3.5840
2026-06-05 05:25:00,7200,7205,7190,7195,1772,4.7079
2026-06-05 05:30:00,7194,7200,7192.5,7196.5,974,5.3488
2026-06-05 05:35:00,7197,7203,7190,7190,880,5.1307
2026-06-05 05:40:00,7190,7199,7182.5,7194.5,962,5.0758
2026-06-05 05:45:00,7193,7202.5,7188.5,7194.5,1317,4.8273
2026-06-05 05:50:00,7193,7199,7187,7194.5,1178,4.4596
2026-06-05 05:55:00,7194.5,7200,7191,7196,2312,4.1220
2026-06-05 06:00:00,7197,7200,7190,7191.5,1288,3.4286
2026-06-05 06:05:00,7190,7195.5,7182.5,7194,1570,2.9875
2026-06-05 06:10:00,7194,7198.5,7188,7192.5,939,2.4656
2026-06-05 06:15:00,7191,7198,7183,7186.5,882,1.6275
2026-06-05 06:20:00,7186.5,7189.5,7180,7185.5,1677,0.9507
2026-06-05 06:25:00,7184.5,7193.5,7174,7177.5,7479,-0.0385
2026-06-05 06:30:00,7179.5,7191,7177,7189,1332,0.0728
2026-06-05 06:35:00,7189,7191,7183.5,7188,789,0.0703
2026-06-05 06:40:00,7187,7198,7179,7196.5,1719,0.6026
2026-06-05 06:45:00,7197,7197.5,7187,7190,971,0.4836
2026-06-05 06:50:00,7191,7200,7190,7198.5,2635,0.9188
2026-06-05 06:55:00,7197.5,7200,7193.5,7196.5,1464,1.0063
2026-06-05 07:00:00,7195.5,7198.5,7191,7194.5,665,0.8691
2026-06-05 07:05:00,7195.5,7195.5,7175,7180.5,2755,-0.1696
2026-06-05 07:10:00,7182,7189,7176.5,7182,1698,-0.7294
2026-06-05 07:15:00,7180,7180.5,7151,7156,4363,-2.7129
2026-06-05 07:20:00,7157.5,7157.5,7138,7151,3406,-4.1385
2026-06-05 07:25:00,7152,7158,7145,7151.5,1566,-4.7792
2026-06-05 07:30:00,7149.5,7157,7145.5,7150.5,2300,-4.9792
2026-06-05 07:35:00,7150.5,7155,7140,7151.5,2422,-4.7535
2026-06-05 07:40:00,7151.5,7153,7125,7132.5,3720,-5.5384
2026-06-05 07:45:00,7132,7145,7128.5,7141.5,2174,-5.1160
2026-06-05 07:50:00,7141.5,7143.5,7119.5,7126,1888,-5.5109
2026-06-05 07:55:00,7123.5,7132.5,7117.5,7129,2060,-5.2042
2026-06-05 08:00:00,7129,7155.5,7122.5,7153,2513,-3.1217
2026-06-05 08:05:00,7153,7156,7125,7127,1909,-3.2193
2026-06-05 08:10:00,7129,7129,7108.5,7126,3843,-3.0753
2026-06-05 08:15:00,7125.5,7142,7122.5,7140,6057,-1.8232
2026-06-05 08:20:00,7138.5,7140,7123,7130,4082,-1.4696
2026-06-05 08:25:00,7132,7142,7125,7140,2647,-0.4181
2026-06-05 08:30:00,7139,7143.5,7130,7140.5,2820,0.4105
2026-06-05 08:35:00,7140.5,7147.5,7140,7140.5,2071,1.0230
2026-06-05 08:40:00,7141.5,7146,7128,7144.5,3268,1.7210
2026-06-05 08:45:00,7143.5,7150.5,7130,7136.5,8708,1.6662
2026-06-05 08:50:00,7137.5,7144.5,7130.5,7143,3707,2.0640
2026-06-05 08:55:00,7141.5,7155,7141.5,7154.5,3607,3.0390
2026-06-05 09:00:00,7155,7168,7135.5,7138.5,11262,2.5627
2026-06-05 09:05:00,7136,7140,7125.5,7136.5,3959,2.0895
2026-06-05 09:10:00,7133,7162,7133,7158,4069,3.1378
2026-06-05 09:15:00,7157,7168,7145.5,7154.5,4533,3.4824
2026-06-05 09:20:00,7155.5,7163,7150,7152.5,4907,3.4555
2026-06-05 09:25:00,7153.5,7158,7147.5,7153,5401,3.3488
2026-06-05 09:30:00,7152.5,7175,7141,7174.5,7059,4.5304
2026-06-05 09:35:00,7175,7175,7161,7169,8318,4.7240
2026-06-05 09:40:00,7169,7173,7162,7170.5,5999,4.7242
2026-06-05 09:45:00,7170.5,7175,7165.5,7167,6569,4.2733
2026-06-05 09:50:00,7171,7171.5,7160,7169.5,6667,3.9364
2026-06-05 09:55:00,7167.5,7174.5,7150,7160,7693,2.9139
2026-06-08 03:45:00,7105.5,7129.5,6951.5,7070,13672,-3.6286
2026-06-08 03:50:00,7067,7086,7040,7052,5475,-8.6850
2026-06-08 03:55:00,7048,7078.5,7041,7077.5,3554,-9.7489
2026-06-08 04:00:00,7080,7084,7062,7068,3065,-10.4660
2026-06-08 04:05:00,7068,7071,7030,7047,3257,-11.6383
2026-06-08 04:10:00,7042.5,7055,7005,7020,5502,-13.3907
2026-06-08 04:15:00,7018,7031.5,7008.5,7010,2406,-14.2995
2026-06-08 04:20:00,7008.5,7040,7005.5,7040,2326,-12.0465
2026-06-08 04:25:00,7036.5,7047,7034.5,7047,1076,-9.3704
2026-06-08 04:30:00,7045.5,7047.5,7024.5,7029,1744,-8.1433
2026-06-08 04:35:00,7027,7039,7020,7030.5,2954,-6.6258
2026-06-08 04:40:00,7029,7036.5,7023,7030.5,1309,-5.0864
2026-06-08 04:45:00,7030.5,7036,7007,7019.5,4264,-4.3044
2026-06-08 04:50:00,7016,7030,7014.5,7017,1930,-3.4859
2026-06-08 04:55:00,7015.5,7020,7009,7012,1593,-2.8390
2026-06-08 05:00:00,7012.5,7059.5,7009,7055.5,5159,0.7680
2026-06-08 05:05:00,7055.5,7055.5,7035,7048.5,1648,2.8168
2026-06-08 05:10:00,7050,7051.5,7030,7030,1646,3.0412
2026-06-08 05:15:00,7029.5,7030,7020,7028,3570,3.1564
2026-06-08 05:20:00,7027,7044.5,7026.5,7030.5,2792,3.4771
2026-06-08 05:25:00,7033,7048,7030.5,7047,3255,4.7953
2026-06-08 05:30:00,7047,7070,7044.5,7068.5,2362,6.9778
2026-06-08 05:35:00,7070,7085.5,7064,7073.5,8470,8.5186
2026-06-08 05:40:00,7073,7075,7050,7058,6108,8.2489
2026-06-08 05:45:00,7055,7070,7051.5,7065,4626,8.2756
2026-06-08 05:50:00,7065,7072.5,7065,7066,917,8.0849
2026-06-08 05:55:00,7066.5,7072.5,7060.5,7067,1417,7.7495
2026-06-08 06:00:00,7067,7075,7067,7070,715,7.4510
2026-06-08 06:05:00,7070.5,7077,7069.5,7072.5,707,7.1423
2026-06-08 06:10:00,7072.5,7077,7070,7075,963,6.8272
2026-06-08 06:15:00,7075,7085.5,7071.5,7078.5,2752,6.5728
2026-06-08 06:20:00,7077.5,7077.5,7071.5,7071.5,532,5.6848
2026-06-08 06:25:00,7072,7074.5,7060,7071,1313,4.8480
2026-06-08 06:30:00,7069,7071,7065.5,7069.5,1131,4.0123
2026-06-08 06:35:00,7069.5,7070,7059,7062,1607,2.8291
2026-06-08 06:40:00,7063,7071.5,7060.5,7061,744,1.8984
2026-06-08 06:45:00,7063,7066,7060,7061,823,1.2343
2026-06-08 06:50:00,7061,7069,7061,7064.5,233,0.9926
2026-06-08 06:55:00,7065,7079,7065,7072.5,1326,1.3134
2026-06-08 07:00:00,7072,7079,7062.5,7072.5,8379,1.4562
2026-06-08 07:05:00,7072.5,7075,7068.5,7074,517,1.5725
2026-06-08 07:10:00,7074,7088,7073,7082,1735,2.0773
2026-06-08 07:15:00,7084,7084,7075,7078.5,952,2.0605
2026-06-08 07:20:00,7079.5,7083,7074.5,7081.5,4478,2.1277
2026-06-08 07:25:00,7081,7084,7075.5,7083,1206,2.1435
2026-06-08 07:30:00,7081,7098,7075,7076.5,5492,1.6109
2026-06-08 07:35:00,7078,7080.5,7056,7075.5,11869,1.1097
2026-06-08 07:40:00,7070.5,7076.5,7070,7072,1914,0.4925
2026-06-08 07:45:00,7072,7080.5,7072,7072,1412,0.0571
2026-06-08 07:50:00,7072,7078,7072,7076,1051,0.0136
2026-06-08 07:55:00,7076,7088.5,7072,7079,1835,0.1542
2026-06-08 08:00:00,7078,7081.5,7075.5,7078,629,0.1472
2026-06-08 08:05:00,7078,7078.5,7075,7076.5,1185,0.0159
2026-06-08 08:10:00,7078,7081.5,7075,7077,329,-0.0590
2026-06-08 08:15:00,7077,7077.5,7045,7049,10023,-1.9132
2026-06-08 08:20:00,7049,7051.5,7033.5,7040,3129,-3.5685
2026-06-08 08:25:00,7040,7045,7033,7044.5,1702,-4.1428
2026-06-08 08:30:00,7043,7050,7034,7035,1364,-4.8933
2026-06-08 08:35:00,7035.5,7050,7035.5,7042,2215,-4.6509
2026-06-08 08:40:00,7046,7051,7037,7037,3652,-4.5540
2026-06-08 08:45:00,7038.5,7052,7037,7043.5,3863,-3.8091
2026-06-08 08:50:00,7049.5,7049.5,7042,7045,1621,-3.0075
2026-06-08 08:55:00,7045,7050.5,7044,7049.5,2022,-2.0141
2026-06-08 09:00:00,7048.5,7051,7030.5,7034,2694,-2.2243
2026-06-08 09:05:00,7034,7038,7015.5,7026.5,4564,-2.6623
2026-06-08 09:10:00,7027,7044,7020.5,7038,4677,-2.0015
2026-06-08 09:15:00,7035.5,7044,7029,7037.5,1800,-1.4479
2026-06-08 09:20:00,7038.5,7045,7020,7020,4437,-2.0720
2026-06-08 09:25:00,7021,7029,7010,7022.5,1820,-2.1206
2026-06-08 09:30:00,7022.5,7024.5,6981,6984.5,6354,-4.3857
2026-06-08 09:35:00,6985,6988,6971,6980,4619,-5.7734
2026-06-08 09:40:00,6981,6996,6976,6981,4220,-6.1742
2026-06-08 09:45:00,6982.5,6983.5,6966,6968,5635,-6.8149
2026-06-08 09:50:00,6969,6972,6903,6910,8568,-10.4286
2026-06-08 09:55:00,6910,6935.5,6893,6920,8559,-11.3530
2026-06-09 03:45:00,7000,7063.5,6960,7029,6945,-4.1993
2026-06-09 03:50:00,7031.5,7044.5,6999.5,7015,5871,-0.1976
2026-06-09 03:55:00,7017,7033,6967.5,6971,4548,-0.2953
2026-06-09 04:00:00,6972.5,7002.5,6972.5,6996,3776,1.4467
2026-06-09 04:05:00,6995,7007.5,6991.5,6997,3485,2.7157
2026-06-09 04:10:00,6997,6998,6971.5,6972.5,2985,1.9881
2026-06-09 04:15:00,6975,6992,6964,6974.5,3841,1.7338
2026-06-09 04:20:00,6976,6998,6972.5,6991,4548,2.7109
2026-06-09 04:25:00,6991,6994,6978,6986,2288,3.0304
2026-06-09 04:30:00,6986,6995,6980,6981.5,1644,2.9460
2026-06-09 04:35:00,6981.5,6989,6979,6989,1563,3.3719
2026-06-09 04:40:00,6990,7017,6989.5,7012,3910,5.0768
2026-06-09 04:45:00,7010,7022,7009,7018.5,3051,6.4295
2026-06-09 04:50:00,7015.5,7018.5,6994,6998.5,2864,5.7846
2026-06-09 04:55:00,7001,7021,6995,7021,3341,6.6206
2026-06-09 05:00:00,7018,7021,6994.5,6997.5,2346,5.3902
2026-06-09 05:05:00,6997.5,6998,6985.5,6995.5,3653,4.2890
2026-06-09 05:10:00,6993.5,7006,6986.5,7005,1242,4.0506
2026-06-09 05:15:00,7005,7011,7004.5,7006.5,1849,3.8457
2026-06-09 05:20:00,7006,7016.5,7000,7012,1190,3.9190
2026-06-09 05:25:00,7013,7015,6999,6999,2350,2.9734
2026-06-09 05:30:00,6999,7001.5,6991.5,7000,917,2.3253
2026-06-09 05:35:00,7000,7017,6999,7007,4531,2.2753
2026-06-09 05:40:00,7007,7010.5,6994,7002.5,2931,1.8636
2026-06-09 05:45:00,7002.5,7010.5,7001,7010,1712,2.0085
2026-06-09 05:50:00,7010,7017,7000,7005,7730,1.6923
2026-06-09 05:55:00,7005,7007,6987,7007,4972,1.5465
2026-06-09 06:00:00,7005.5,7007,6997.5,7005,1280,1.2564
2026-06-09 06:05:00,7005,7012,6998,7005,5771,1.0158
2026-06-09 06:10:00,7005,7005,6985,6998,2532,0.3699
2026-06-09 06:15:00,6998,7013.5,6996,7011,1883,0.7792
2026-06-09 06:20:00,7011,7011,6996.5,7005.5,707,0.6461
2026-06-09 06:25:00,7007,7007.5,7004.5,7004.5,1303,0.4656
2026-06-09 06:30:00,7006,7008.5,7004,7006,672,0.4235
2026-06-09 06:35:00,7006.5,7014,7006,7009,3365,0.5651
2026-06-09 06:40:00,7009,7012,6993,6993,2887,-0.3995
2026-06-09 06:45:00,6994,7009,6994,7003.5,1311,-0.3148
2026-06-09 06:50:00,7003.5,7003.5,6981.5,6981.5,4524,-1.6502
2026-06-09 06:55:00,6981.5,6984.5,6975,6981.5,1964,-2.3979
2026-06-09 07:00:00,6980.5,6986,6952.5,6959,7476,-4.1685
2026-06-09 07:05:00,6958,6972,6940.5,6958,7044,-5.1058
2026-06-09 07:10:00,6958,6960,6950,6959,3730,-5.3324
2026-06-09 07:15:00,6957,6961.5,6954,6960,1692,-5.0896
2026-06-09 07:20:00,6962,6969,6950,6952,2125,-5.1280
2026-06-09 07:25:00,6952,6952,6942,6943,3021,-5.3928
2026-06-09 07:30:00,6943,6949.5,6935,6947,2624,-4.9437
2026-06-09 07:35:00,6946,6952.5,6946,6949.5,1541,-4.1551
2026-06-09 07:40:00,6948,6957,6942.5,6954.5,1835,-3.0260
2026-06-09 07:45:00,6954.5,6960,6949,6949,1983,-2.4060
2026-06-09 07:50:00,6949,6952.5,6944,6946.5,977,-1.9406
2026-06-09 07:55:00,6946.5,6959.5,6945,6959.5,1360,-0.6028
2026-06-09 08:00:00,6958.5,6959.5,6950,6955.5,2582,0.1280
2026-06-09 08:05:00,6955.5,6957,6951,6956,1862,0.7270
2026-06-09 08:10:00,6955,6956,6924.5,6935,4770,-0.1617
2026-06-09 08:15:00,6934.5,6940,6923.5,6928.5,3317,-1.0107
2026-06-09 08:20:00,6926.5,6930.5,6920,6928.5,3470,-1.3730
2026-06-09 08:25:00,6928.5,6950,6920,6938,4766,-0.8020
2026-06-09 08:30:00,6938,6938,6926,6927,2606,-0.9824
2026-06-09 08:35:00,6927.5,6938,6925,6935,2844,-0.4094
2026-06-09 08:40:00,6935,6948,6933,6948,2087,0.9257
2026-06-09 08:45:00,6948,6948,6938.5,6947,3028,1.7729
2026-06-09 08:50:00,6947,6949,6940,6940,1651,1.8830
2026-06-09 08:55:00,6942,6947.5,6940,6945.5,2133,2.3188
2026-06-09 09:00:00,6945,6946,6941.5,6941.5,1172,2.3242
2026-06-09 09:05:00,6941,6949,6936,6946,3186,2.5968
2026-06-09 09:10:00,6946,6955,6943,6943,2640,2.5380
2026-06-09 09:15:00,6942.5,6945,6924,6925.5,4377,1.3435
2026-06-09 09:20:00,6922.5,6942.5,6922.5,6942.5,2368,1.6984
2026-06-09 09:25:00,6940.5,6950,6933,6943.5,5280,1.9808
2026-06-09 09:30:00,6942,6943,6914.5,6934.5,7050,1.5603
2026-06-09 09:35:00,6933.5,6953,6933.5,6940,7967,1.6431
2026-06-09 09:40:00,6940,6944,6935,6941.5,4339,1.7780
2026-06-09 09:45:00,6941,6947,6935,6936,4707,1.4877
2026-06-09 09:50:00,6936,6937.5,6908,6930.5,11843,0.9428
2026-06-09 09:55:00,6929.5,6940,6908,6931,9173,0.6475
2026-06-10 03:45:00,6905.5,6951.5,6800,6800,18469,-7.8693
2026-06-10 03:50:00,6800.5,6815.5,6770,6805,15360,-12.3956
2026-06-10 03:55:00,6802,6810,6783,6806.5,7126,-14.3785
2026-06-10 04:00:00,6808.5,6809.5,6785,6795.5,4887,-15.4283
2026-06-10 04:05:00,6795,6796,6781,6791,4838,-15.3883
2026-06-10 04:10:00,6790.5,6794,6775,6786,4610,-14.6640
2026-06-10 04:15:00,6787.5,6795,6769,6790,5037,-12.9412
2026-06-10 04:20:00,6789.5,6800,6778,6781,4755,-11.4828
2026-06-10 04:25:00,6781,6785,6770,6779,3484,-9.7938
2026-06-10 04:30:00,6778,6785.5,6772.5,6775.5,3323,-8.1222
2026-06-10 04:35:00,6775,6782,6771,6775,2917,-6.3391
2026-06-10 04:40:00,6776.5,6790,6774,6780,3992,-4.2142
2026-06-10 04:45:00,6779,6817.5,6776,6813.5,5395,-0.1580
2026-06-10 04:50:00,6815,6820,6811.5,6817,3004,2.9818
2026-06-10 04:55:00,6815.5,6840,6814,6835.5,4663,6.3332
2026-06-10 05:00:00,6835.5,6863.5,6832.5,6853.5,6106,9.5951
2026-06-10 05:05:00,6853.5,6866,6834,6839,7513,10.5341
2026-06-10 05:10:00,6841,6855,6839,6848,3685,11.4435
2026-06-10 05:15:00,6851,6856.5,6824.5,6830.5,4857,10.5695
2026-06-10 05:20:00,6830,6846,6817,6825,4866,9.3652
2026-06-10 05:25:00,6822.5,6829,6816.5,6822,3883,8.1552
2026-06-10 05:30:00,6826,6830,6818,6828,1712,7.5609
2026-06-10 05:35:00,6829.5,6830.5,6810,6819.5,2619,6.4410
2026-06-10 05:40:00,6819.5,6824.5,6815,6820,1761,5.6101
