datetime,open,high,low,close,volume
2025-12-09 08:25:00,474.25,474.5,473.75,474.2,6253
2025-12-17 08:05:00,473.4,473.4,472.6,472.9,6926
2025-12-18 06:15:00,469.4,469.9,469.3,469.9,2285
2025-12-18 07:15:00,472.45,472.55,472.3,472.4,5029
2025-12-18 07:35:00,471.95,471.95,471.65,471.7,735
2025-12-19 05:40:00,473.65,474.25,473.65,474,7095
2025-12-19 07:50:00,475.3,476.15,475.05,476.15,6808
2025-12-19 08:30:00,476,476.35,476,476.3,5380
2026-02-18 07:20:00,413.65,413.95,413.6,413.85,13232
2026-02-24 07:00:00,401.6,401.7,401.3,401.6,17598
2026-02-26 06:55:00,405.3,405.3,404.4,404.55,17125
2026-02-26 08:50:00,404.75,404.95,404,404.3,5587
2026-03-18 07:10:00,385.2,386.5,385.05,386.5,20133
2026-04-30 06:40:00,406.5,406.9,406.4,406.9,10247
2026-04-30 06:45:00,406.9,407.2,406.75,406.8,9069
2026-04-30 06:50:00,406.75,407,406.25,407,13201
2026-04-30 06:55:00,406.9,407,406.65,406.75,9470
2026-04-30 07:00:00,407,407,406.3,406.5,8503
2026-04-30 07:05:00,406.5,406.55,406.2,406.4,2972
2026-05-06 07:35:00,410.95,412.35,410.8,412.3,12106
2026-05-06 07:40:00,412.1,412.65,411.95,412.2,11071
2026-05-06 07:45:00,412,412.35,411.9,412.25,9674
2026-05-06 07:50:00,412.2,413.8,412.1,413.05,39470
2026-05-06 07:55:00,413.3,413.5,413,413.3,11263
2026-05-06 08:00:00,413.2,414.85,413.2,413.8,72943
2026-05-06 08:05:00,413.8,414.05,413.45,413.5,13243
2026-05-06 08:10:00,413.65,413.65,412.95,412.95,13756
2026-05-06 08:15:00,413,413.45,412.8,413.35,19310
2026-05-06 08:20:00,413.45,414,413.4,413.8,24412
2026-05-06 08:25:00,413.7,414.35,413.7,414.05,32127
2026-05-06 08:30:00,414.05,414.4,413.4,414.4,24173
2026-05-06 08:35:00,414.25,414.5,413.1,413.15,25167
2026-05-06 08:40:00,413.15,413.95,413.15,413.85,15580
2026-05-06 08:45:00,413.7,414.3,413.6,413.6,25317
2026-05-06 08:50:00,413.7,414.7,413.7,414.55,37361
2026-05-06 08:55:00,414.55,414.95,414.15,414.65,62953
2026-05-06 09:00:00,414.8,415.45,414.15,414.85,81552
2026-05-06 09:05:00,414.7,415,414.55,414.75,22525
2026-05-06 09:10:00,414.85,415.75,414.75,415.15,56990
2026-05-06 09:15:00,415.15,415.75,414.9,415.5,37884
2026-05-06 09:20:00,415.45,415.7,415,415.15,33001
2026-05-06 09:25:00,415.15,415.45,414.7,415.1,36145
2026-05-06 09:30:00,415.1,415.6,414.5,415.55,68262
2026-05-06 09:35:00,415.55,415.6,415.1,415.25,27503
2026-05-06 09:40:00,415.35,415.5,414.65,415.45,71220
2026-05-06 09:45:00,415.5,415.75,415.25,415.4,101183
2026-05-06 09:50:00,415.7,416.1,415.4,415.65,100244
2026-05-06 09:55:00,415.65,417,415.35,416.35,126235
2026-05-07 04:05:00,412.05,412.55,411.3,412.3,173255
2026-05-07 04:10:00,412.3,413.2,411.75,411.85,85012
2026-05-07 04:15:00,412.05,412.05,411,411.25,98211
2026-05-07 04:20:00,411.4,411.4,409.35,409.7,295196
2026-05-07 04:25:00,409.7,410.35,409,410.35,145672
2026-05-07 04:30:00,410.25,410.8,408.25,408.65,156665
2026-05-07 04:35:00,408.7,409.05,408,408.55,154170
2026-05-07 04:40:00,408.55,409.25,407.55,407.65,120092
2026-05-07 04:45:00,407.9,408.7,407.65,408.45,56113
2026-05-07 04:50:00,408.5,408.85,408.4,408.6,8626
2026-05-07 07:15:00,409.45,409.6,408.9,408.9,35620
2026-05-07 07:20:00,409,409,408,408.1,71009
2026-05-07 07:25:00,408.1,408.5,408,408.1,37344
2026-05-07 07:30:00,408.1,408.6,408,408.35,49367
2026-05-07 07:35:00,408.45,408.7,408.2,408.5,50182
2026-05-07 07:40:00,408.5,408.8,408.25,408.7,35885
2026-05-07 07:45:00,408.95,409.2,407.8,408.35,85453
2026-05-07 07:50:00,408.45,408.9,408,408.05,34173
2026-05-07 07:55:00,408.05,408.65,408,408.25,47497
2026-05-07 08:00:00,408.25,408.6,408,408.35,27663
2026-05-07 08:05:00,408.4,408.6,408.1,408.1,22309
2026-05-07 08:10:00,408.25,408.75,408.2,408.65,25406
2026-05-07 08:15:00,408.6,408.7,408.3,408.6,16962
2026-05-07 08:20:00,408.6,409.5,408.45,409.35,51347
2026-05-07 08:25:00,409.35,409.5,409,409.2,16935
2026-05-07 08:30:00,409.2,409.5,409,409.4,31455
2026-05-07 08:35:00,409.4,409.4,408.95,409.35,24821
2026-05-07 08:40:00,409.35,409.6,409.2,409.55,19899
2026-05-07 08:45:00,409.55,409.65,409.35,409.5,22864
2026-05-07 08:50:00,409.55,409.7,409.2,409.6,23938
2026-05-07 08:55:00,409.6,410.15,409.55,409.95,48252
2026-05-07 09:00:00,409.95,410.2,409.5,410.1,40704
2026-05-07 09:05:00,410.1,410.2,409.6,410.1,30990
2026-05-07 09:10:00,410.1,410.4,409.95,410.15,27317
2026-05-07 09:15:00,410.15,410.25,409.8,410,32033
2026-05-07 09:20:00,409.9,410.25,409.65,410.2,70714
2026-05-07 09:25:00,410.2,410.75,410,410.65,59887
2026-05-07 09:30:00,410.45,411.8,410.4,411.1,155261
2026-05-07 09:35:00,411.2,411.45,411,411.15,79697
2026-05-07 09:40:00,411.15,411.15,410.05,410.45,117546
2026-05-07 09:45:00,410.25,411.25,410.25,411,158639
2026-05-07 09:50:00,411,411.8,410.85,411.4,158761
2026-05-07 09:55:00,411.5,411.85,411.05,411.55,150571
2026-05-08 03:45:00,413.9,413.9,408.45,408.65,334759
2026-05-08 03:50:00,408.65,409.6,407.15,408.15,253079
2026-05-08 03:55:00,408.15,411.05,407.55,410.75,137688
2026-05-08 04:00:00,410.6,412,409.85,410.6,112241
2026-05-08 04:05:00,410.45,410.8,408.45,408.8,71733
2026-05-08 04:10:00,408.8,409.05,408,408.3,58355
2026-05-11 03:45:00,411,411,389,393.75,3237691
2026-05-11 03:50:00,393.8,395.8,392.3,394.7,1350952
2026-05-11 03:55:00,394.6,396.5,392.3,393.3,1046971
2026-05-11 04:00:00,393.3,394.7,391.4,392,726771
2026-05-11 04:05:00,392,392.15,386.25,387.55,1597656
2026-05-11 04:10:00,387.55,388,384.35,385.65,1314872
2026-05-11 04:15:00,385.65,386.6,384,386,716749
2026-05-11 04:20:00,386.2,386.2,382.1,385.6,2893045
2026-05-11 04:25:00,385.55,386.5,383.4,384,1017840
2026-05-11 04:30:00,384.15,384.2,382.1,383.5,1494948
2026-05-11 04:35:00,383.5,387.4,383.35,387.05,737048
2026-05-11 04:40:00,387.2,387.4,385.6,386.5,497615
2026-05-11 04:45:00,386.45,386.7,384,384.35,474662
2026-05-11 04:50:00,384.35,386.1,384.2,385.5,338554
2026-05-11 04:55:00,385.5,385.75,384.65,385.55,237004
2026-05-11 05:00:00,385.55,385.7,384.65,385.65,208648
2026-05-11 05:05:00,385.5,387,384.8,387,282003
2026-05-11 05:10:00,387,388.6,385.85,388.35,381749
2026-05-11 05:15:00,388.3,389.95,387.2,389.9,511432
2026-05-11 05:20:00,389.9,391.3,389.15,391.15,552535
2026-05-11 05:25:00,391.15,391.5,389.75,390.1,415132
2026-05-11 05:30:00,390,390.4,389.25,389.75,259941
2026-05-11 05:35:00,389.75,390.7,389.05,389.45,159816
2026-05-11 05:40:00,389.45,390.9,389,390.45,235314
2026-05-11 05:45:00,390.45,390.45,389.5,389.95,145218
2026-05-11 05:50:00,389.95,390.5,389.5,389.9,116458
2026-05-11 05:55:00,389.9,390.4,389.65,390.35,107959
2026-05-11 06:00:00,390.15,391.75,390.1,391.6,248418
2026-05-11 06:05:00,391.55,392.85,391.4,392.7,360492
2026-05-11 06:10:00,392.6,392.8,390.65,391.3,235893
2026-05-11 06:15:00,391.35,391.4,389,389.3,305344
2026-05-11 06:20:00,389.3,390.7,389.05,390.55,183640
2026-05-11 06:25:00,390.65,390.75,389.75,390.4,175471
2026-05-11 06:30:00,390.4,390.6,389.1,389.2,130280
2026-05-11 06:35:00,389.1,389.35,388.15,388.85,247314
2026-05-11 06:40:00,388.85,389,387.55,387.8,235378
2026-05-11 06:45:00,387.9,388,387.5,387.85,132767
2026-05-11 06:50:00,387.85,388.4,387.05,387.4,153701
2026-05-11 06:55:00,387.4,387.7,386.5,386.75,246563
2026-05-11 07:00:00,386.75,387,386.5,386.7,122962
2026-05-11 07:05:00,386.7,387,386.25,386.6,117096
2026-05-11 07:10:00,386.65,387,386.4,386.95,22560
2026-05-12 07:30:00,368.4,368.45,367.2,367.65,212174
2026-05-12 07:35:00,367.65,368,366.65,367,110983
2026-05-12 07:40:00,367,368.25,366.65,368.25,87971
2026-05-12 07:45:00,368.25,369.45,368,368.55,95015
2026-05-12 07:50:00,368.7,368.9,368.25,368.75,32239
2026-05-12 07:55:00,368.75,368.95,368.5,368.85,32486
2026-05-12 08:00:00,368.85,368.95,367.45,368.05,90094
2026-05-12 08:05:00,368.15,368.2,367.15,367.65,50531
2026-05-12 08:10:00,367.65,367.85,367,367.35,60296
2026-05-12 08:15:00,367.35,367.4,366.15,366.35,173186
2026-05-12 08:20:00,366.35,368,366.35,367.25,87440
2026-05-12 08:25:00,367.25,367.25,366.05,366.55,110830
2026-05-12 08:30:00,366.55,366.55,366.05,366.1,90914
2026-05-12 08:35:00,366.1,366.35,365.1,365.25,177928
2026-05-12 08:40:00,365.25,365.55,365.1,365.35,95594
2026-05-12 08:45:00,365.3,366.1,365.2,365.7,79917
2026-05-12 08:50:00,365.7,366.85,365.25,366.45,84436
2026-05-12 08:55:00,366.45,366.45,365.3,365.8,80267
2026-05-12 09:00:00,365.8,365.9,365.15,365.2,81996
2026-05-12 09:05:00,365.2,365.55,364.5,364.95,190126
2026-05-12 09:10:00,364.75,365.4,364.65,365.1,95182
2026-05-12 09:15:00,365.1,365.2,364.5,364.6,81645
2026-05-12 09:20:00,364.6,364.65,363.1,363.3,187959
2026-05-12 09:25:00,363.3,363.65,363,363.05,211021
2026-05-12 09:30:00,363.15,363.15,361.45,362.7,366361
2026-05-12 09:35:00,362.7,362.95,360.8,361.3,412278
2026-05-12 09:40:00,361.3,362.1,360,360.25,555392
2026-05-12 09:45:00,360.3,361.8,360,361.35,494268
2026-05-12 09:50:00,361.35,363.5,361.25,362.85,681426
2026-05-12 09:55:00,362.85,364.4,361.15,364.35,344589
2026-05-13 03:45:00,351,351.05,340.55,348.25,5394013
2026-05-13 03:50:00,348.25,348.5,343.55,347.8,2375796
2026-05-13 03:55:00,347.8,348.95,345.85,346.85,1002023
2026-05-13 04:00:00,346.65,349.8,345.3,347.6,1345738
2026-05-13 04:05:00,347.6,347.75,344.25,345.8,1191060
2026-05-13 04:10:00,345.8,345.85,343.6,344.8,700894
2026-05-13 04:15:00,344.8,345.35,340.7,341.6,1572039
2026-05-13 04:20:00,341.4,345,340.5,342.35,974698
2026-05-13 04:25:00,342.5,344.35,342.25,344,438170
2026-05-13 04:30:00,343.95,344.5,342.2,343.6,568564
2026-05-13 04:35:00,343.6,344.5,342.25,342.95,426383
2026-05-13 04:40:00,343,343.2,341.3,342.55,477586
2026-05-13 04:45:00,342.5,343.9,342.2,342.65,347740
2026-05-13 04:50:00,342.65,343.5,342.5,343,212046
2026-05-13 04:55:00,343,344,342.85,343.95,272614
2026-05-13 05:00:00,343.95,344.15,342.1,342.45,384648
2026-05-13 05:05:00,342.45,342.5,340.1,340.75,693604
2026-05-13 05:10:00,340.6,342.2,340.1,342,527533
2026-05-13 05:15:00,342.05,343.7,342,343.15,341573
2026-05-13 05:20:00,343.1,343.45,342.5,343.2,179957
2026-05-13 05:25:00,343.2,343.35,341.45,341.75,225507
2026-05-13 05:30:00,341.75,342.6,341.65,342.3,88313
2026-05-13 05:35:00,342.3,343.9,341.75,343.65,245516
2026-05-13 05:40:00,343.65,345.3,343.4,344.6,441459
2026-05-13 05:45:00,344.8,344.8,343.25,343.3,160994
2026-05-13 05:50:00,343.3,343.45,341.75,342.1,242420
2026-05-13 05:55:00,342.05,342.5,341.55,342.45,181388
2026-05-13 06:00:00,342.4,342.9,342.15,342.45,99143
2026-05-13 06:05:00,342.45,344.25,342.25,344.25,176821
2026-05-13 06:10:00,344.2,347.7,344.05,347.4,658874
2026-05-13 06:15:00,347.5,349,346.05,349,584177
2026-05-13 06:20:00,348.85,352.8,348.5,352.5,1271281
2026-05-13 06:25:00,352.5,354.9,351,352.1,1459736
2026-05-13 06:30:00,352.05,353.45,351.55,352.6,626929
2026-05-13 06:35:00,352.4,355.9,352.4,354.5,741685
2026-05-13 06:40:00,354.3,355.4,354,355.05,463576
2026-05-13 06:45:00,355.2,355.3,351.85,353.6,931240
2026-05-13 06:50:00,353.8,356,353.3,354.55,735865
2026-05-13 06:55:00,354.75,355.1,353.15,353.85,435286
2026-05-13 07:00:00,353.85,354.1,352.3,353.15,488977
2026-05-13 07:05:00,353.05,354.7,353,353.75,273543
2026-05-13 07:10:00,353.75,354.8,353.2,354.4,295414
2026-05-13 07:15:00,354.4,355,353.45,353.8,368373
2026-05-13 07:20:00,353.8,355.45,353.2,355.15,405917
2026-05-13 07:25:00,355.15,357.5,355.15,357.4,637690
2026-05-13 07:30:00,357.4,358.5,355.75,356.7,775632
2026-05-13 07:35:00,356.6,358.3,356.1,357.95,386224
2026-05-13 07:40:00,357.9,358.45,357.5,358.4,337639
2026-05-13 07:45:00,358.3,358.45,354.3,355.2,572966
2026-05-13 07:50:00,355.2,357.6,355.1,357.5,369223
2026-05-13 07:55:00,357.5,357.55,355.7,356.2,221388
2026-05-13 08:00:00,356.2,357.45,355.9,357.05,210019
2026-05-13 08:05:00,357,357.15,356.15,356.6,235800
2026-05-13 08:10:00,356.8,356.8,356,356.45,193774
2026-05-13 08:15:00,356.45,356.45,355,355.2,309991
2026-05-13 08:20:00,355.1,355.5,354.8,354.95,198681
2026-05-13 08:25:00,354.85,355.5,353.9,355,279715
2026-05-13 08:30:00,355,356.05,354.95,355.2,241222
2026-05-13 08:35:00,355.25,356.9,355.25,356.7,226858
2026-05-13 08:40:00,356.7,359.45,356.5,359.1,572509
2026-05-13 08:45:00,359.05,359.25,357.05,357.15,374238
2026-05-13 08:50:00,357.05,358.2,356.55,358.1,207842
2026-05-13 08:55:00,358.1,358.75,357.3,357.7,173438
2026-05-13 09:00:00,357.8,358.4,357.5,358.2,184535
2026-05-13 09:05:00,358.2,360.65,358,360.1,545976
2026-05-13 09:10:00,360.1,360.8,359.05,359.4,474198
2026-05-13 09:15:00,359.4,359.6,358.55,359,286887
2026-05-13 09:20:00,359,359.15,357.8,358.2,325042
2026-05-13 09:25:00,358,359,357.4,358.75,280226
2026-05-13 09:30:00,358.75,358.8,355.55,356.35,715091
2026-05-13 09:35:00,356.35,356.45,355.1,355.85,449383
2026-05-13 09:40:00,355.85,356,355.15,355.95,438738
2026-05-13 09:45:00,355.95,356.35,355.25,355.6,684160
2026-05-13 09:50:00,355.8,356.25,353,354,906803
2026-05-13 09:55:00,354,355.6,353,355,521566
2026-05-14 03:45:00,357.1,360.95,354.4,355.35,1045989
2026-05-14 03:50:00,355.65,358,353.45,354.2,422595
2026-05-14 03:55:00,354.4,356.95,354.2,356.35,254147
2026-05-14 04:00:00,356.35,356.55,355.4,355.65,156704
2026-05-14 04:05:00,355.85,355.85,353.05,353.2,295118
2026-05-14 04:10:00,353.25,353.25,351.05,351.7,262457
2026-05-14 04:15:00,351.4,353.95,351.4,353.35,238192
2026-05-14 04:20:00,353.25,353.6,351.15,351.35,144077
2026-05-14 04:25:00,351.35,351.45,350.35,351,170816
2026-05-14 04:30:00,350.8,352.25,350.45,351.35,202374
2026-05-14 04:35:00,351.35,353.45,350.8,352.95,148232
2026-05-14 04:40:00,352.75,353.15,352,352.4,88065
2026-05-14 04:45:00,352.5,353.95,352,353.85,110066
2026-05-14 04:50:00,353.7,353.9,352.65,353.25,125206
2026-05-14 04:55:00,353.25,354.9,352.9,354.75,127131
2026-05-14 05:00:00,354.5,357.5,354.45,357.45,362674
2026-05-14 05:05:00,357.4,358.3,356.3,357.4,274509
2026-05-14 05:10:00,357.4,357.95,356.25,356.6,148280
2026-05-14 05:15:00,356.4,356.6,354.6,355,264177
2026-05-14 05:20:00,354.9,356.15,354.85,355.5,105698
2026-05-14 05:25:00,355.45,355.7,354,354.25,95753
2026-05-14 05:30:00,354.35,354.55,353.6,353.9,119086
2026-05-14 05:35:00,353.9,354.3,353.35,353.85,58080
2026-05-14 05:40:00,353.85,354.5,353.35,354.5,58423
2026-05-14 05:45:00,354.5,354.9,354,354.9,80969
2026-05-14 05:50:00,354.95,355.6,354.4,355.5,80855
2026-05-14 05:55:00,355.55,355.7,354,355.35,143181
2026-05-14 06:00:00,355.15,356.1,355.15,356.05,59929
2026-05-14 06:05:00,356.05,357,355.9,356.95,62524
2026-05-14 06:10:00,356.95,357,356,356.25,60606
2026-05-14 06:15:00,356.25,356.95,355.65,356.95,83916
2026-05-14 06:20:00,356.95,356.95,356.2,356.25,61763
2026-05-14 06:25:00,356.5,357.95,356.35,357.6,121157
2026-05-14 06:30:00,357.6,358,357.1,357.5,79248
2026-05-14 06:35:00,357.35,358,356.85,357.5,196580
2026-05-14 06:40:00,357.6,358.5,357.5,358.25,115781
2026-05-14 06:45:00,358.2,359.5,358.1,358.5,138563
2026-05-14 06:50:00,358.55,360.9,358.55,360.8,234060
2026-05-14 06:55:00,360.8,362.5,360.6,361.55,323323
2026-05-14 07:00:00,361.5,361.75,359.6,359.7,215209
2026-05-14 07:05:00,359.7,360.3,359.45,360.3,101577
2026-05-14 07:10:00,360.3,361.4,359.75,360.2,98409
2026-05-14 07:15:00,360.2,360.6,359.55,359.85,71422
2026-05-14 07:20:00,359.7,359.75,359,359.1,104519
2026-05-14 07:25:00,359.3,359.7,358.6,358.7,73063
2026-05-14 07:30:00,358.6,359.35,358.5,359.2,66520
2026-05-14 07:35:00,359.2,359.5,358.5,358.75,46040
2026-05-14 07:40:00,358.6,358.75,357.3,357.9,103446
2026-05-14 07:45:00,357.85,358.05,357.6,358,37408
2026-05-14 07:50:00,358,358.5,357.6,357.75,43892
2026-05-14 07:55:00,357.7,358.2,357.55,357.75,33173
2026-05-14 08:00:00,357.75,358.5,357.6,358.1,55374
2026-05-14 08:05:00,358.2,358.75,358.05,358.35,51945
2026-05-14 08:10:00,358.3,358.8,358.1,358.75,43805
2026-05-14 08:15:00,358.75,359.35,358.4,358.75,52589
2026-05-14 08:20:00,358.9,359,358,358.5,59987
2026-05-14 08:25:00,358.45,358.9,358.25,358.75,28509
2026-05-14 08:30:00,358.8,359,358.35,358.6,49834
2026-05-14 08:35:00,358.75,359.65,358.6,359.55,53192
2026-05-14 08:40:00,359.45,359.7,359.05,359.4,46949
2026-05-14 08:45:00,359.4,359.6,358.6,358.95,45031
2026-05-14 08:50:00,358.8,360.2,358.75,360.05,82451
2026-05-14 08:55:00,360.05,360.9,359.9,360.05,96177
2026-05-14 09:00:00,360.1,360.5,359.9,360.2,73465
2026-05-14 09:05:00,360.2,360.3,359.2,359.5,69585
2026-05-14 09:10:00,359.5,359.9,359,359.3,61592
2026-05-14 09:15:00,359.2,359.35,358.3,358.9,96332
2026-05-14 09:20:00,358.95,359.7,358.5,359,66789
2026-05-14 09:25:00,359,360.5,358.6,360.05,134004
2026-05-14 09:30:00,360.35,360.85,359.65,360.1,129153
2026-05-14 09:35:00,360.1,360.1,359.15,359.95,106866
2026-05-14 09:40:00,359.9,360.3,359.6,360.3,99862
2026-05-14 09:45:00,360.3,361,360.15,360.75,167902
2026-05-14 09:50:00,360.8,361.75,360.45,361.75,245139
2026-05-14 09:55:00,361.7,363.65,361.05,363.25,293025
2026-05-15 03:45:00,361,361.75,358.15,360.3,408601
2026-05-15 03:50:00,360.3,360.4,358.3,358.5,184036
2026-05-15 03:55:00,358.45,358.6,356.5,357.15,193918
2026-05-15 04:00:00,357.2,357.25,355.6,355.8,147244
2026-05-15 04:05:00,355.8,356.3,354.7,355.7,266664
2026-05-15 04:10:00,355.7,357.8,355.5,357.4,152172
2026-05-15 04:15:00,357.65,359.8,357.1,357.75,194507
2026-05-15 04:20:00,357.7,358.95,357.4,358.75,94020
2026-05-15 04:25:00,358.8,359,358.15,358.95,82018
2026-05-15 04:30:00,358.8,358.95,358,358.5,55722
2026-05-15 04:35:00,358.25,358.8,357.3,358.3,60910
2026-05-15 04:40:00,358.25,358.3,357.3,357.5,58474
2026-05-15 04:45:00,357.55,358.1,357.3,357.7,51192
2026-05-15 04:50:00,357.7,358.5,357.55,358.15,43750
2026-05-15 04:55:00,358.2,359.15,358.05,358.4,54407
2026-05-15 05:00:00,358.4,358.45,357.2,357.75,89573
2026-05-15 05:05:00,357.75,358.05,357.25,357.55,37779
2026-05-15 05:10:00,357.55,358.3,357.2,358.2,51303
2026-05-15 05:15:00,358.2,358.65,357.65,358.05,71458
2026-05-15 05:20:00,358.05,358.55,357.95,358,47123
2026-05-15 05:25:00,358.1,358.15,357.7,358.15,34843
2026-05-15 05:30:00,358.15,358.15,356.25,356.25,97922
2026-05-15 05:35:00,356.4,356.45,355.55,355.95,119750
2026-05-15 05:40:00,355.9,356.15,355.5,355.6,52901
2026-05-15 05:45:00,355.6,355.85,355,355.35,83528
2026-05-15 05:50:00,355.3,355.5,354.7,355.35,141621
2026-05-15 05:55:00,355.3,355.65,354.8,354.8,60661
2026-05-15 06:00:00,354.8,354.95,354.25,354.7,93771
2026-05-15 06:05:00,354.7,354.95,354.25,354.75,43155
2026-05-15 06:10:00,354.75,355.25,354.6,355.25,33632
2026-05-15 06:15:00,355.2,356.15,355.05,355.9,52002
2026-05-15 06:20:00,355.9,355.9,355,355.05,61390
2026-05-15 06:25:00,355.05,355.5,354.65,354.75,42371
2026-05-15 06:30:00,354.8,355.05,354.2,355,70610
2026-05-15 06:35:00,355.05,355.9,354.9,355.1,43728
2026-05-15 06:40:00,355.1,355.3,354.65,355,32852
2026-05-15 06:45:00,354.95,355.1,354.55,354.7,34204
2026-05-15 06:50:00,354.7,354.7,353.35,353.4,143578
2026-05-15 06:55:00,353.4,354.1,353.25,353.4,57014
2026-05-15 07:00:00,353.4,353.9,353.1,353.7,49382
2026-05-15 07:05:00,353.7,354.6,353.55,354.35,33583
2026-05-15 07:10:00,354.3,356.2,354.3,355.95,108606
2026-05-15 07:15:00,355.8,356.45,355.45,355.85,69917
2026-05-15 07:20:00,355.95,356.5,355.9,356.2,106040
2026-05-15 07:25:00,356.2,356.25,355.4,355.6,28172
2026-05-15 07:30:00,355.6,355.75,355.4,355.75,35236
2026-05-15 07:35:00,355.75,355.8,355.2,355.5,27614
2026-05-15 07:40:00,355.5,355.8,355.2,355.55,35379
2026-05-15 07:45:00,355.4,355.5,355,355.5,27618
2026-05-15 07:50:00,355.55,355.75,355.3,355.5,21309
2026-05-15 07:55:00,355.5,355.5,354.15,354.4,36795
2026-05-15 08:00:00,354.4,354.7,353.8,354.45,63313
2026-05-15 08:05:00,354.45,355.15,354.15,354.35,40629
2026-05-15 08:10:00,354.35,354.45,354,354.4,39613
2026-05-15 08:15:00,354.45,355,353.5,353.65,93420
2026-05-15 08:20:00,353.75,354.55,353.5,354.5,45576
2026-05-15 08:25:00,354.5,354.55,353.55,354,34014
2026-05-15 08:30:00,354,354.05,353.1,353.1,37545
2026-05-15 08:35:00,353.15,353.6,353.1,353.55,27731
2026-05-15 08:40:00,353.6,353.95,353.6,353.9,39446
2026-05-15 08:45:00,353.9,353.95,352.75,353.2,82987
2026-05-15 08:50:00,353.2,353.55,352.65,353.2,102463
2026-05-15 08:55:00,353.15,353.6,352.3,353.55,144060
2026-05-15 09:00:00,353.7,354.1,353.4,353.55,67970
2026-05-15 09:05:00,353.65,354.25,353.55,354.1,70377
2026-05-15 09:10:00,354,355,353.9,354.2,82014
2026-05-15 09:15:00,354.2,354.2,353.05,353.15,51562
2026-05-15 09:20:00,353.05,354,352.85,353.85,117777
2026-05-15 09:25:00,353.85,354.8,353.15,354.35,76688
2026-05-15 09:30:00,354.3,354.35,353.4,354.05,102440
2026-05-15 09:35:00,354.05,354.15,353.5,354,52363
2026-05-15 09:40:00,354,354.3,352.85,353.25,127203
2026-05-15 09:45:00,353.3,353.8,352.1,353.4,190941
2026-05-15 09:50:00,353.1,353.7,352.05,352.85,276027
2026-05-15 09:55:00,352.85,353.6,352,353.25,207428
2026-05-18 03:45:00,347,349,345,346.25,426598
2026-05-18 03:50:00,346.3,347.05,344.5,345.25,232983
2026-05-18 03:55:00,345.15,345.25,342,342,189810
2026-05-18 04:00:00,342.25,343.5,341.5,343.3,271110
2026-05-18 04:05:00,343.2,343.5,342.35,343,102146
2026-05-18 04:10:00,342.9,343.95,342.15,343,96898
2026-05-18 04:15:00,343,343,342,342.1,101994
2026-05-18 04:20:00,342.25,342.25,341,341.25,133291
2026-05-18 04:25:00,341.25,341.25,340.25,341.15,154356
2026-05-18 04:30:00,341,341.5,340.6,341,106074
2026-05-18 04:35:00,340.9,341.3,338.8,339.05,326770
2026-05-18 04:40:00,339.05,339.55,338.6,339.1,160443
2026-05-18 04:45:00,339.1,339.9,338.4,339.6,142218
2026-05-18 04:50:00,339.6,339.8,338,338.4,142523
2026-05-18 04:55:00,338.4,338.6,337.6,337.7,154699
2026-05-18 05:00:00,337.7,338.8,337,338.4,141033
2026-05-18 05:05:00,338.4,339,338,338.4,113130
2026-05-18 05:10:00,338.4,339.4,338.15,339.4,104115
2026-05-18 05:15:00,339.25,339.4,338.4,338.75,62070
2026-05-18 05:20:00,338.75,341.75,338.65,341.15,183152
2026-05-18 05:25:00,341.1,341.5,340.7,340.95,78116
2026-05-18 05:30:00,340.8,341.6,340.8,341.05,54174
2026-05-18 05:35:00,341.05,342.65,341,341.85,96499
2026-05-18 05:40:00,341.8,341.85,341.1,341.35,65070
2026-05-18 05:45:00,341.25,341.6,341.1,341.5,42408
2026-05-18 05:50:00,341.5,342.25,341.25,342.05,52646
2026-05-18 05:55:00,342,342.05,341.35,341.7,37743
2026-05-18 06:00:00,341.7,341.95,341.5,341.5,24105
2026-05-18 06:05:00,341.5,341.75,341.1,341.45,61801
2026-05-18 06:10:00,341.4,341.5,339.5,340.2,127388
2026-05-18 06:15:00,340.1,340.25,338.75,339.05,111002
2026-05-18 06:20:00,339.2,339.7,339,339.4,37921
2026-05-18 06:25:00,339.45,339.6,338.7,338.9,44654
2026-05-18 06:30:00,338.75,339,338.6,338.85,46737
2026-05-18 06:35:00,338.85,339.25,338.7,338.95,40287
2026-05-18 06:40:00,338.95,339.35,338.85,339.35,36372
2026-05-18 06:45:00,339.35,339.5,338.75,339.1,42038
2026-05-18 06:50:00,339.15,340.35,339,339.9,55990
2026-05-18 06:55:00,340,340.3,339.65,340.15,44530
2026-05-18 07:00:00,340.15,340.85,340,340.7,52485
2026-05-18 07:05:00,340.65,341.65,340.65,341.55,68182
2026-05-18 07:10:00,341.55,341.55,340.2,340.55,63235
2026-05-18 07:15:00,340.35,341.1,340.1,340.65,33453
2026-05-18 07:20:00,340.6,340.95,340.2,340.65,32887
2026-05-18 07:25:00,340.65,341.5,340.55,341.4,41200
2026-05-18 07:30:00,341.4,342.8,341.15,341.95,99592
2026-05-18 07:35:00,341.85,341.85,340.65,341.25,52296
2026-05-18 07:40:00,341.2,341.3,340.5,341,41565
2026-05-18 07:45:00,341,341.25,340.65,340.7,22250
2026-05-18 07:50:00,340.7,341.2,340.15,341.05,60711
2026-05-18 07:55:00,341.2,341.5,340.85,341.35,40869
2026-05-18 08:00:00,341.35,341.8,341.2,341.6,57117
2026-05-18 08:05:00,341.65,341.75,341.1,341.7,42565
2026-05-18 08:10:00,341.7,342.3,341.4,342.2,70053
2026-05-18 08:15:00,342.2,342.55,341.7,342.5,74752
2026-05-18 08:20:00,342.5,343.15,342.4,342.9,80510
2026-05-18 08:25:00,342.8,343.4,342.25,342.7,67446
2026-05-18 08:30:00,342.7,343.7,342.25,343.55,92762
2026-05-18 08:35:00,343.55,343.6,343.05,343.3,74834
2026-05-18 08:40:00,343.2,345,343,344.6,145827
2026-05-18 08:45:00,344.55,345.15,343.9,343.9,106587
2026-05-18 08:50:00,343.9,344.5,342.8,342.95,118498
2026-05-18 08:55:00,342.95,344,342.5,343.65,71656
2026-05-18 09:00:00,343.65,343.85,342.8,343.35,63403
2026-05-18 09:05:00,343.4,343.45,342.45,342.5,83480
2026-05-18 09:10:00,342.5,343.7,342.45,343.3,103733
2026-05-18 09:15:00,343.25,343.6,342.25,342.4,64989
2026-05-18 09:20:00,342.4,343,342,342.4,114352
2026-05-18 09:25:00,342.45,343.5,341.75,343.2,84187
2026-05-18 09:30:00,343.2,347.35,343.15,346.35,291441
2026-05-18 09:35:00,346.35,347,345.15,345.7,172614
2026-05-18 09:40:00,345.75,346.4,345.55,346.1,112744
2026-05-18 09:45:00,346.1,346.95,345.6,346.4,174612
2026-05-18 09:50:00,346.4,346.95,346.1,346.45,131752
2026-05-18 09:55:00,346.45,347.35,346,346.5,178756
2026-05-19 03:45:00,347.6,349.6,345.7,347.1,322893
2026-05-19 03:50:00,347.1,348.5,346.25,348,181431
2026-05-19 03:55:00,347.85,348.3,347.05,348.1,59574
2026-05-19 04:00:00,348.1,348.25,344.2,344.45,222652
2026-05-19 04:05:00,344.45,345.9,343.45,345.8,161935
2026-05-19 04:10:00,345.75,347.85,345.7,347.1,97986
2026-05-19 04:15:00,347.1,347.5,346.4,346.6,55312
2026-05-19 04:20:00,346.6,347.45,346.5,346.5,33783
2026-05-19 04:25:00,346.65,347,345.5,345.5,106130
2026-05-19 04:30:00,345.6,346.7,345.3,346.05,63625
2026-05-19 04:35:00,346.2,346.75,345.85,346.15,29184
2026-05-19 04:40:00,346.15,346.9,346,346.15,33886
2026-05-19 04:45:00,346.2,346.3,345,345.2,42470
2026-05-19 04:50:00,345.3,346.75,345.2,346.75,38264
2026-05-19 04:55:00,346.75,347,346.1,346.25,35377
2026-05-19 05:00:00,346.3,346.4,345.6,345.75,35212
2026-05-19 05:05:00,345.75,345.8,345.05,345.8,49113
2026-05-19 05:10:00,345.75,346.2,345.6,345.75,26151
2026-05-19 05:15:00,345.75,346.5,345.55,346.5,30971
2026-05-19 05:20:00,346.5,346.9,346.25,346.4,44987
2026-05-19 05:25:00,346.45,346.9,346.4,346.8,24110
2026-05-19 05:30:00,346.8,347.9,346.5,346.6,68408
2026-05-19 05:35:00,346.5,346.85,346.1,346.45,26718
2026-05-19 05:40:00,346.5,346.55,346,346.15,16051
2026-05-19 05:45:00,346.15,346.15,345.25,345.65,60595
2026-05-19 05:50:00,345.65,346.45,345.2,345.7,40159
2026-05-19 05:55:00,345.65,345.75,345.25,345.75,15105
2026-05-19 06:00:00,345.75,345.8,345.5,345.75,15459
2026-05-19 06:05:00,345.65,345.75,345.3,345.65,16110
2026-05-19 06:10:00,345.65,346.75,345.65,346.6,32552
2026-05-19 06:15:00,346.6,346.65,346.15,346.45,24971
2026-05-19 06:20:00,346.45,346.6,346.05,346.25,17604
2026-05-19 06:25:00,346.25,346.45,346.05,346.4,13901
2026-05-19 06:30:00,346.35,346.45,345.8,346.05,23694
2026-05-19 06:35:00,346.05,346.35,346,346.3,11698
2026-05-19 06:40:00,346.3,346.3,345.6,345.9,28619
2026-05-19 06:45:00,345.9,346.25,345.35,345.9,32335
2026-05-19 06:50:00,345.9,346.2,345.8,345.8,13150
2026-05-19 06:55:00,345.9,346.3,345.6,346.3,21259
2026-05-19 07:00:00,346.3,346.3,345.8,346.15,15732
2026-05-19 07:05:00,346,346,345.5,346,16424
2026-05-19 07:10:00,346,346.1,345.7,345.8,17839
2026-05-19 07:15:00,345.75,345.8,345.3,345.3,14554
2026-05-19 07:20:00,345.3,345.35,345,345.35,23315
2026-05-19 07:25:00,345.35,345.4,345,345.15,20888
2026-05-19 07:30:00,345.15,345.5,345,345.2,26184
2026-05-19 07:35:00,345.2,346.2,345.2,346.15,33764
2026-05-19 07:40:00,346.1,346.15,345.4,345.6,24625
2026-05-19 07:45:00,345.55,345.85,345.3,345.45,16868
2026-05-19 07:50:00,345.45,345.55,345.15,345.55,16881
2026-05-19 07:55:00,345.55,345.65,345.4,345.65,7232
2026-05-19 08:00:00,345.65,345.8,345.55,345.7,7804
2026-05-19 08:05:00,345.6,345.7,345.05,345.3,34421
2026-05-19 08:10:00,345.35,345.5,345.1,345.2,20340
2026-05-19 08:15:00,345.3,345.8,345.2,345.65,17074
2026-05-19 08:20:00,345.65,345.7,345.05,345.15,21823
2026-05-19 08:25:00,345.2,345.25,344.65,345,67848
2026-05-19 08:30:00,345.05,346.25,344.9,346.2,46489
2026-05-19 08:35:00,346.15,346.2,345.55,345.7,31252
2026-05-19 08:40:00,345.7,345.7,345.2,345.45,14769
2026-05-19 08:45:00,345.45,345.7,345.2,345.35,17041
2026-05-19 08:50:00,345.35,346.7,345.15,346.4,75492
2026-05-19 08:55:00,346.4,346.5,346.1,346.5,43764
2026-05-19 09:00:00,346.5,346.55,345.5,345.7,32759
2026-05-19 09:05:00,345.65,345.7,345.05,345.45,36171
2026-05-19 09:10:00,345.45,345.7,345,345,55419
2026-05-19 09:15:00,345.15,345.15,344.6,345,51628
2026-05-19 09:20:00,345.05,345.25,344.65,344.85,28339
2026-05-19 09:25:00,344.9,345.35,344.8,345.3,34555
2026-05-19 09:30:00,345.3,345.3,344.65,345.1,44091
2026-05-19 09:35:00,345.1,345.45,344.65,344.9,64067
2026-05-19 09:40:00,344.95,344.95,344.4,344.85,99797
2026-05-19 09:45:00,344.85,345,343.9,343.9,104859
2026-05-19 09:50:00,343.95,344.75,343.65,344.2,161106
2026-05-19 09:55:00,344.2,344.5,342.1,344,275815
2026-05-20 03:45:00,341.95,341.95,339.2,340.25,272473
2026-05-20 03:50:00,340.2,340.3,338,339.5,168944
2026-05-20 03:55:00,339.5,339.9,339,339.15,118301
2026-05-20 04:00:00,339.15,340.35,338.7,340.2,109997
2026-05-20 04:05:00,340.2,340.2,339,339.35,51947
2026-05-20 04:10:00,339.35,339.6,338.35,339,83299
2026-05-20 04:15:00,339,340.45,338.6,340.35,107676
2026-05-20 04:20:00,340.35,340.45,339.5,339.6,77869
2026-05-20 04:25:00,339.6,340.45,339.2,340.4,79512
2026-05-20 04:30:00,340.4,340.45,339.2,339.4,41296
2026-05-20 04:35:00,339.45,339.5,338.6,339.45,55841
2026-05-20 04:40:00,339.35,339.45,338.55,338.85,44631
2026-05-20 04:45:00,338.85,339.2,338.6,339,44690
2026-05-20 04:50:00,339,339.75,338.25,338.5,82796
2026-05-20 04:55:00,338.55,339.1,338.2,339,79491
2026-05-20 05:00:00,339.05,339.2,338.55,339.15,45315
2026-05-20 05:05:00,339.15,340.9,339,340.6,103358
2026-05-20 05:10:00,340.55,341,340,340,61297
2026-05-20 05:15:00,340.1,340.1,338.65,338.8,46297
2026-05-20 05:20:00,338.8,340.45,338.75,340.45,42449
2026-05-20 05:25:00,340.45,340.7,339.55,340.05,24595
2026-05-20 05:30:00,340.05,340.3,339.5,339.9,19872
2026-05-20 05:35:00,339.95,340.7,339.9,340.25,57925
2026-05-20 05:40:00,340.3,340.3,339.75,340,11180
2026-05-20 05:45:00,340,340,339.4,339.7,20216
2026-05-20 05:50:00,339.7,340.9,339.3,340.9,37116
2026-05-20 05:55:00,340.9,341.5,340.65,341.45,59567
2026-05-20 06:00:00,341.35,341.4,340.2,340.35,26925
2026-05-20 06:05:00,340.5,341,340.15,340.85,25560
2026-05-20 06:10:00,340.85,341.55,339.25,340.75,105850
2026-05-20 06:15:00,340.9,341.4,340.65,340.8,140189
2026-05-20 06:20:00,340.85,341.75,340.85,341.15,58956
2026-05-20 06:25:00,341.15,341.3,340.5,340.75,25147
2026-05-20 06:30:00,340.75,340.8,340.05,340.2,28621
2026-05-20 06:35:00,340.15,340.5,339.65,340.2,65138
2026-05-20 06:40:00,340.2,340.7,340.2,340.5,18989
2026-05-20 06:45:00,340.5,340.8,340.15,340.35,13682
2026-05-20 06:50:00,340.35,340.9,340.2,340.7,17038
2026-05-20 06:55:00,340.7,340.75,340.2,340.4,22282
2026-05-20 07:00:00,340.55,340.65,340.25,340.6,13009
2026-05-20 07:05:00,340.55,341.3,340.55,341,29577
2026-05-20 07:10:00,340.9,341.15,340.65,340.8,20625
2026-05-20 07:15:00,340.8,341.65,340.6,341.65,45458
2026-05-20 07:20:00,341.65,343.5,341.65,342.95,102476
2026-05-20 07:25:00,342.95,343.5,342.7,343.35,50999
2026-05-20 07:30:00,343.5,343.6,342.65,342.65,52043
2026-05-20 07:35:00,342.85,343,342,342.2,28710
2026-05-20 07:40:00,342.25,342.3,341.9,341.95,35499
2026-05-20 07:45:00,341.9,342,341.05,341.1,56436
2026-05-20 07:50:00,341.05,341.6,341,341.25,33038
2026-05-20 07:55:00,341.2,341.5,340.5,340.75,33484
2026-05-20 08:00:00,340.7,340.9,340.25,340.9,32402
2026-05-20 08:05:00,340.85,341.3,340.65,341.05,23540
2026-05-20 08:10:00,341,341.15,340.55,341.15,22315
2026-05-20 08:15:00,341.15,341.15,340.4,340.8,30943
2026-05-20 08:20:00,340.8,341,340.55,340.9,23111
2026-05-20 08:25:00,340.9,341.9,340.65,341.9,39871
2026-05-20 08:30:00,341.9,341.9,341.4,341.65,14460
2026-05-20 08:35:00,341.75,341.9,341.45,341.85,11310
2026-05-20 08:40:00,341.9,342,341.45,341.6,20314
2026-05-20 08:45:00,341.65,341.9,341.4,341.5,16601
2026-05-20 08:50:00,341.55,342.3,341.4,342.3,33094
2026-05-20 08:55:00,342.25,342.5,341.55,342.5,31349
2026-05-20 09:00:00,342.5,342.85,342.05,342.6,29394
2026-05-20 09:05:00,342.6,342.8,342.1,342.8,20363
2026-05-20 09:10:00,342.7,343.8,342.65,343.65,59716
2026-05-20 09:15:00,343.65,344,343.55,344,34041
2026-05-20 09:20:00,344,344.1,343.1,343.35,62781
2026-05-20 09:25:00,343.35,343.75,343.05,343.3,32338
2026-05-20 09:30:00,343.3,343.35,341.45,342.9,158928
2026-05-20 09:35:00,342.8,344,342.7,343.95,62322
2026-05-20 09:40:00,343.95,343.95,343.25,343.5,65474
2026-05-20 09:45:00,343.5,344.1,343.3,343.8,81110
2026-05-20 09:50:00,343.8,344.15,343.55,343.8,182491
2026-05-20 09:55:00,344,344.9,343.55,344.9,163865
2026-05-21 03:45:00,347,348.85,344.85,345.05,289059
2026-05-21 03:50:00,345.35,345.95,344.5,345,92135
2026-05-21 03:55:00,344.95,345.3,344.2,344.4,98185
2026-05-21 04:00:00,344.3,345.55,343.9,344.1,143139
2026-05-21 04:05:00,344.3,345.15,343.85,345.1,53513
2026-05-21 04:10:00,345.15,345.2,344.15,345.15,40969
2026-05-21 04:15:00,345.1,345.45,344.55,344.8,61707
2026-05-21 04:20:00,344.8,345.55,344.5,345.4,39191
2026-05-21 04:25:00,345.4,345.4,344.2,344.55,45427
2026-05-21 04:30:00,344.5,344.9,344.25,344.4,33693
2026-05-21 04:35:00,344.3,344.4,343.15,344.1,82122
2026-05-21 04:40:00,344.1,344.55,343.9,344.4,27922
2026-05-21 04:45:00,344.5,345.85,344.5,345.25,93214
2026-05-21 04:50:00,345.25,349.1,345.05,348.65,300165
2026-05-21 04:55:00,348.5,348.8,346.75,347.1,109730
2026-05-21 05:00:00,347.15,347.25,346.5,346.6,35639
2026-05-21 05:05:00,346.55,348.3,346.3,346.8,86655
2026-05-21 05:10:00,346.65,347.8,346.3,347.05,44504
2026-05-21 05:15:00,347.25,347.9,346.6,347.7,44033
2026-05-21 05:20:00,347.65,347.7,346.7,347,24286
2026-05-21 05:25:00,347.1,347.75,347,347.3,32893
2026-05-21 05:30:00,347.6,347.6,346.7,347.25,16231
2026-05-21 05:35:00,347.4,347.45,347,347,11089
2026-05-21 05:40:00,347.2,347.2,345.9,346.05,46873
2026-05-21 05:45:00,345.95,346.15,344.55,345.45,85688
2026-05-21 05:50:00,345.65,346.15,345.5,345.9,16688
2026-05-21 05:55:00,345.85,346.45,345.55,346.45,10776
2026-05-21 06:00:00,346.5,347.5,346.2,347.4,23638
2026-05-21 06:05:00,347.4,347.5,347.1,347.4,30023
2026-05-21 06:10:00,347.5,348,347.25,347.95,47502
2026-05-21 06:15:00,348,350.6,348,349.65,266344
2026-05-21 06:20:00,349.85,350.45,349.45,349.5,54167
2026-05-21 06:25:00,349.5,349.6,348.8,349.1,49574
2026-05-21 06:30:00,349.1,350.3,349,350,49507
2026-05-21 06:35:00,350.1,351,349.9,350.8,70163
2026-05-21 06:40:00,350.85,352.2,350.3,350.7,156404
2026-05-21 06:45:00,350.65,350.7,349.5,349.75,140743
2026-05-21 06:50:00,349.6,349.75,348.7,349.5,60231
2026-05-21 06:55:00,349.45,349.5,347.8,347.9,91402
2026-05-21 07:00:00,347.9,348.95,347.2,348.9,72090
2026-05-21 07:05:00,348.7,348.9,348,348.05,91134
2026-05-21 07:10:00,348,348.5,347.35,348,41356
2026-05-21 07:15:00,348.1,348.35,347.5,348.15,33973
2026-05-21 07:20:00,348.15,348.4,348,348.05,18589
2026-05-21 07:25:00,348.2,348.2,347.4,347.6,22806
2026-05-21 07:30:00,347.5,347.7,346.5,347.15,60306
2026-05-21 07:35:00,347.1,348.25,347,347.75,44016
2026-05-21 07:40:00,347.75,348.75,347.7,348.5,29858
2026-05-21 07:45:00,348.35,348.8,348.1,348.5,46333
2026-05-21 07:50:00,348.5,348.6,347.9,347.95,35806
2026-05-21 07:55:00,348,348.2,347.2,347.25,21289
2026-05-21 08:00:00,347.35,348.95,347.2,348.7,42946
2026-05-21 08:05:00,348.75,349.35,348.65,349.05,39557
2026-05-21 08:10:00,349.05,350.05,349.05,349.6,63191
2026-05-21 08:15:00,349.8,349.9,348.7,348.8,43170
2026-05-21 08:20:00,348.8,350.4,348.8,350.2,117098
2026-05-21 08:25:00,350.3,351.3,349.75,351,91765
2026-05-21 08:30:00,351.1,351.1,349.8,350.4,29867
2026-05-21 08:35:00,350.15,350.6,349.8,350.25,44842
2026-05-21 08:40:00,350.25,350.45,349.4,349.75,20191
2026-05-21 08:45:00,349.6,350.3,349.3,349.7,20572
2026-05-21 08:50:00,349.9,350.1,349.65,349.95,9906
2026-05-21 08:55:00,349.95,350.4,348.9,348.9,34566
2026-05-21 09:00:00,348.9,350,348.9,349.75,16490
2026-05-21 09:05:00,349.5,350,349.3,349.45,16749
2026-05-21 09:10:00,349.3,351.3,349.15,351,81265
2026-05-21 09:15:00,350.9,351.35,350.6,351.15,57502
2026-05-21 09:20:00,351.15,352.5,351.15,351.95,118785
2026-05-21 09:25:00,351.9,352.6,351.7,352,85879
2026-05-21 09:30:00,352,353.2,351.4,352.15,185175
2026-05-21 09:35:00,352.2,352.8,352.05,352.5,137389
2026-05-21 09:40:00,352.65,353.5,352.5,353.2,240530
2026-05-21 09:45:00,353.2,353.5,352.85,353.2,152662
2026-05-21 09:50:00,353.4,353.85,353.2,353.35,208127
2026-05-21 09:55:00,353.35,353.7,352.45,353.1,150178
2026-05-22 03:45:00,355,355.5,352.05,355.2,317745
2026-05-22 03:50:00,355.2,358.4,354.55,357.4,281242
2026-05-22 03:55:00,357.35,357.4,354.75,355.25,200369
2026-05-22 04:00:00,355.2,357.45,354.8,357.1,171108
2026-05-22 04:05:00,357,357.35,355.5,355.65,113059
2026-05-22 04:10:00,355.7,357.15,355.3,356.85,87270
2026-05-22 04:15:00,357,358.35,356.15,356.35,108559
2026-05-22 04:20:00,356.15,357,355.8,356.2,84242
2026-05-22 04:25:00,356.3,356.45,353.8,354.65,151411
2026-05-22 04:30:00,354.5,355.35,353.7,353.8,111474
2026-05-22 04:35:00,353.75,354.4,353,353.6,102369
2026-05-22 04:40:00,353.65,353.9,353,353.35,67714
2026-05-22 04:45:00,353.35,353.4,352.35,352.9,65964
2026-05-22 04:50:00,353,353.7,352.65,353,69346
2026-05-22 04:55:00,353,353.85,352.9,353.4,48853
2026-05-22 05:00:00,353.4,353.9,353.15,353.8,30195
2026-05-22 05:05:00,353.8,353.9,353,353.75,39047
2026-05-22 05:10:00,353.75,354.75,353,354.3,94029
2026-05-22 05:15:00,354.2,354.35,353,353.5,92039
2026-05-22 05:20:00,353.3,353.8,352.8,353.45,43923
2026-05-22 05:25:00,353.55,353.9,353.2,353.9,30695
2026-05-22 05:30:00,353.9,354.35,353.7,354.05,44184
2026-05-22 05:35:00,354.05,354.2,353.5,353.75,30312
2026-05-22 05:40:00,353.75,353.9,353.35,353.75,48777
2026-05-22 05:45:00,353.75,353.95,353.5,353.7,17625
2026-05-22 05:50:00,353.6,355.9,353.4,355.25,192138
2026-05-22 05:55:00,355.25,355.4,354.35,354.6,57420
2026-05-22 06:00:00,354.6,356,354.55,354.8,36549
2026-05-22 06:05:00,354.8,355.25,353.9,355.25,72210
2026-05-22 06:10:00,355,355.25,354.8,355.25,22112
2026-05-22 06:15:00,355.25,355.65,354.85,355.2,41735
2026-05-22 06:20:00,355.3,355.4,354.65,354.95,21950
2026-05-22 06:25:00,354.95,355.1,354.5,354.9,34409
2026-05-22 06:30:00,354.9,355.15,354.5,355,33830
2026-05-22 06:35:00,355.05,355.8,354.9,355.5,36509
2026-05-22 06:40:00,355.5,355.65,354.6,355.15,56364
2026-05-22 06:45:00,355.15,356,354.95,355.9,49057
2026-05-22 06:50:00,355.75,356.9,355.65,355.85,81148
2026-05-22 06:55:00,355.65,356.9,355.5,356.55,87204
2026-05-22 07:00:00,356.5,356.7,355.85,356.2,59376
2026-05-22 07:05:00,356.2,356.75,356.1,356.65,35202
2026-05-22 07:10:00,356.65,357.95,356.6,357.4,95176
2026-05-22 07:15:00,357.5,357.9,357.25,357.5,61348
2026-05-22 07:20:00,357.6,359.45,357.6,357.85,194123
2026-05-22 07:25:00,357.85,358.5,357.6,358.1,55174
2026-05-22 07:30:00,358.2,358.35,356.8,357.25,56799
2026-05-22 07:35:00,357.25,357.25,356.6,356.6,26939
2026-05-22 07:40:00,356.75,357.15,356.55,356.9,30461
2026-05-22 07:45:00,356.8,357.2,356.35,357,30300
2026-05-22 07:50:00,356.9,357.1,356.25,356.35,29434
2026-05-22 07:55:00,356.4,356.6,356.15,356.25,20252
2026-05-22 08:00:00,356.35,357.7,356.25,357.55,32735
2026-05-22 08:05:00,357.45,357.8,356.95,357.8,64739
2026-05-22 08:10:00,357.8,357.9,357.05,357.35,37731
2026-05-22 08:15:00,357.35,358.4,357.3,357.3,38765
2026-05-22 08:20:00,357.35,358,356.8,357,49262
2026-05-22 08:25:00,357,357.25,356.6,357,29683
2026-05-22 08:30:00,357.2,357.2,356.3,356.3,53238
2026-05-22 08:35:00,356.4,356.65,355.85,356.3,56649
2026-05-22 08:40:00,356.4,356.55,355.6,356.3,44436
2026-05-22 08:45:00,356.25,356.35,355.55,355.85,33589
2026-05-22 08:50:00,355.85,356.1,355.4,355.75,43246
2026-05-22 08:55:00,355.65,355.65,354.7,354.8,49010
2026-05-22 09:00:00,354.7,355,354.35,354.75,51972
2026-05-22 09:05:00,354.75,354.75,354.35,354.5,47300
2026-05-22 09:10:00,354.65,354.65,353.3,353.5,121585
2026-05-22 09:15:00,353.4,354.5,353.4,353.95,79716
2026-05-22 09:20:00,354.1,354.45,353.55,353.6,68021
2026-05-22 09:25:00,353.75,353.8,353.15,353.3,68914
2026-05-22 09:30:00,353.3,353.4,352,352.55,179382
2026-05-22 09:35:00,352.6,353.7,352.35,353.2,140268
2026-05-22 09:40:00,353.3,353.4,352.8,353.05,109047
2026-05-22 09:45:00,353.15,353.25,352.25,352.5,121949
2026-05-22 09:50:00,352.45,352.55,351.55,352.05,201944
2026-05-22 09:55:00,352.05,353.2,351,352,282633
2026-05-25 03:45:00,358.7,359,356.05,357.15,245750
2026-05-25 03:50:00,357.4,357.5,355.95,356.1,125054
2026-05-25 03:55:00,356.2,357.95,356.1,357.65,95841
2026-05-25 04:00:00,357.7,357.7,355.8,356,52875
2026-05-25 04:05:00,356.15,356.3,355.65,355.95,31053
2026-05-25 04:10:00,355.9,356.55,355.3,356.25,113189
2026-05-25 04:15:00,356.25,357.5,356.1,357.35,40942
2026-05-25 04:20:00,357.45,357.75,357,357.15,38927
2026-05-25 04:25:00,357,357.6,356.85,357.4,24006
2026-05-25 04:30:00,357.4,358.2,357,358.1,35194
2026-05-25 04:35:00,358,359,357.55,358.35,86535
2026-05-25 04:40:00,358.25,358.4,358,358.15,35917
2026-05-25 04:45:00,358.15,360.25,358.15,359.45,460079
2026-05-25 04:50:00,359.45,359.5,358.6,358.8,69327
2026-05-25 04:55:00,358.95,359,357.4,358,106434
2026-05-25 05:00:00,358.05,358.55,357.3,357.65,43117
2026-05-25 05:05:00,357.65,357.65,356.1,356.7,99091
2026-05-25 05:10:00,356.75,357,356,356.6,66437
2026-05-25 05:15:00,356.6,357.55,356.3,357.4,30163
2026-05-25 05:20:00,357.55,357.55,356.65,357,37440
2026-05-25 05:25:00,357,357.2,356.45,357.1,24473
2026-05-25 05:30:00,357.1,357.55,356.95,357.2,36267
2026-05-25 05:35:00,357.2,358.5,357.1,358.4,51455
2026-05-25 05:40:00,358.4,359,358.05,358.25,44144
2026-05-25 05:45:00,358.45,358.85,358.05,358.45,27453
2026-05-25 05:50:00,358.5,358.75,358,358.7,19696
2026-05-25 05:55:00,358.7,358.7,357.4,357.5,24326
2026-05-25 06:00:00,357.7,358.75,357.55,358.3,24653
2026-05-25 06:05:00,358.3,358.6,358.05,358.35,11765
2026-05-25 06:10:00,358.3,358.4,357.7,357.9,17845
2026-05-25 06:15:00,357.9,358,357.4,357.85,23729
2026-05-25 06:20:00,357.9,358.55,357.75,358.45,27533
2026-05-25 06:25:00,358.3,358.3,357.7,357.85,7316
2026-05-25 06:30:00,357.7,357.7,356.65,356.75,28707
2026-05-25 06:35:00,356.9,356.95,356.5,356.5,20726
2026-05-25 06:40:00,356.6,356.9,356.45,356.65,20312
2026-05-25 06:45:00,356.7,356.8,356.2,356.8,32394
2026-05-25 06:50:00,356.8,357,356.5,356.5,26398
2026-05-25 06:55:00,356.55,356.7,356.2,356.25,22801
2026-05-25 07:00:00,356.25,356.65,356.25,356.55,15003
2026-05-25 07:05:00,356.65,357,356.55,356.9,7160
2026-05-25 07:10:00,356.9,357,356.65,356.75,20281
2026-05-25 07:15:00,356.75,356.75,355.45,355.8,57004
2026-05-25 07:20:00,355.65,356.1,355.4,356,42287
2026-05-25 07:25:00,356,357.05,355.6,356.8,46333
2026-05-25 07:30:00,356.95,357,356.25,356.6,33477
2026-05-25 07:35:00,356.5,357.7,356.2,357.35,30139
2026-05-25 07:40:00,357.35,357.45,357.05,357.25,23592
2026-05-25 07:45:00,357.2,358,357.05,357.35,41330
2026-05-25 07:50:00,357.5,357.7,356.9,357.65,16285
2026-05-25 07:55:00,357.65,358.3,357.4,358.2,40130
2026-05-25 08:00:00,358.05,358.05,357.25,357.55,13438
2026-05-25 08:05:00,357.3,357.7,357,357.65,11356
2026-05-25 08:10:00,357.65,357.85,357.3,357.4,8355
2026-05-25 08:15:00,357.4,357.5,357.05,357.45,26537
2026-05-25 08:20:00,357.45,357.85,357.15,357.5,11494
2026-05-25 08:25:00,357.35,357.9,357.1,357.55,16380
2026-05-25 08:30:00,357.75,358.45,357.65,358,32818
2026-05-25 08:35:00,358.15,358.45,357.75,357.75,36882
2026-05-25 08:40:00,357.8,358.8,357.75,358.4,41164
2026-05-25 08:45:00,358.4,358.75,358.1,358.15,21671
2026-05-25 08:50:00,358.2,358.7,358.2,358.4,16905
2026-05-25 08:55:00,358.3,358.5,358,358,11442
2026-05-25 09:00:00,358.15,358.45,357.6,358.15,32734
2026-05-25 09:05:00,358,358.65,358,358.45,23735
2026-05-25 09:10:00,358.45,358.5,358.1,358.4,12095
2026-05-25 09:15:00,358.4,358.7,358.2,358.45,20946
2026-05-25 09:20:00,358.45,358.6,358.25,358.25,22514
2026-05-25 09:25:00,358.25,358.45,357.85,358.2,44697
2026-05-25 09:30:00,358.25,358.25,357,357.95,64066
2026-05-25 09:35:00,357.75,358.5,357.55,358.25,60137
2026-05-25 09:40:00,358.25,358.35,357.8,358.05,57472
2026-05-25 09:45:00,358.15,358.35,357.6,357.65,99425
2026-05-25 09:50:00,357.65,358.2,357.65,357.95,85028
2026-05-25 09:55:00,357.95,358.35,356.95,357.8,147011
2026-05-26 03:45:00,357.85,358.2,352.35,353.5,297550
2026-05-26 03:50:00,353.55,354.45,353.4,353.75,137187
2026-05-26 03:55:00,353.75,355.5,353.2,355.2,123463
2026-05-26 04:00:00,355.25,355.95,354.65,355.15,83076
2026-05-26 04:05:00,355.35,356.65,354.65,356.15,81919
2026-05-26 04:10:00,356.4,356.4,355.5,355.7,42520
2026-05-26 04:15:00,355.8,356.3,355.2,355.9,60462
2026-05-26 04:20:00,355.9,355.95,355.25,355.5,26347
2026-05-26 04:25:00,355.4,355.6,354.25,354.5,84761
2026-05-26 04:30:00,354.5,354.95,354.1,354.75,59976
2026-05-26 04:35:00,354.75,354.95,354.5,354.8,26899
2026-05-26 04:40:00,354.9,355,354.5,354.9,18433
2026-05-26 04:45:00,354.9,355.7,354.7,355,54337
2026-05-26 04:50:00,355,355.9,354.8,355.8,36394
2026-05-26 04:55:00,355.8,356.25,355.6,356.15,53866
2026-05-26 05:00:00,356.15,356.45,355.9,356.1,34253
2026-05-26 05:05:00,356.25,356.25,355.85,356,18712
2026-05-26 05:10:00,355.95,356,355.2,355.25,17160
2026-05-26 05:15:00,355.45,355.95,355.1,355.6,31334
2026-05-26 05:20:00,355.6,355.9,355.25,355.7,15109
2026-05-26 05:25:00,355.8,356.45,355.6,355.8,21338
2026-05-26 05:30:00,355.8,356.1,355.6,355.75,9109
2026-05-26 05:35:00,355.75,356,355.25,355.7,19130
2026-05-26 05:40:00,355.8,355.95,355.45,355.65,16012
2026-05-26 05:45:00,355.8,356.05,355.6,355.7,19501
2026-05-26 05:50:00,355.85,355.85,355.05,355.1,27169
2026-05-26 05:55:00,355.1,355.55,354.75,355.35,42236
2026-05-26 06:00:00,355.2,355.85,355.2,355.65,22380
2026-05-26 06:05:00,355.6,356,355.5,356,29668
2026-05-26 06:10:00,356,356.2,355.8,356.05,21413
2026-05-26 06:15:00,356.1,356.3,356,356.15,13214
2026-05-26 06:20:00,356.05,356.8,356,356.6,27578
2026-05-26 06:25:00,356.6,357.2,356.6,356.8,39986
2026-05-26 06:30:00,356.75,356.8,355.85,355.95,22072
2026-05-26 06:35:00,356,356.3,355.65,355.8,14405
2026-05-26 06:40:00,355.95,356.15,355.8,355.8,5601
2026-05-26 06:45:00,355.8,355.95,355.5,355.55,14812
2026-05-26 06:50:00,355.65,355.85,355.2,355.4,21064
2026-05-26 06:55:00,355.25,355.4,354.9,355,22694
2026-05-26 07:00:00,355.1,355.4,355,355.1,13812
2026-05-26 07:05:00,355.25,355.35,354.85,355.2,13013
2026-05-26 07:10:00,355.15,355.2,354.8,354.8,22362
2026-05-26 07:15:00,354.9,354.9,354.25,354.75,30163
2026-05-26 07:20:00,354.75,354.75,354.25,354.4,15573
2026-05-26 07:25:00,354.4,354.5,353.45,354.5,60067
2026-05-26 07:30:00,354.4,354.65,354.05,354.45,41995
2026-05-26 07:35:00,354.5,354.9,354.15,354.6,20746
2026-05-26 07:40:00,354.7,354.9,354.5,354.75,9360
2026-05-26 07:45:00,354.6,355,354.25,354.95,9149
2026-05-26 07:50:00,354.9,355.55,354.75,355.45,16547
2026-05-26 07:55:00,355.45,355.5,354.85,355.1,17259
2026-05-26 08:00:00,355.1,355.6,355.1,355.3,11596
2026-05-26 08:05:00,355.3,355.45,355.05,355.2,8107
2026-05-26 08:10:00,355.1,355.2,354.6,354.75,16554
2026-05-26 08:15:00,354.75,354.9,354.55,354.9,11584
2026-05-26 08:20:00,354.75,354.8,354.25,354.7,34018
2026-05-26 08:25:00,354.7,354.8,354,354.15,31661
2026-05-26 08:30:00,354.2,354.2,353.3,353.7,28487
2026-05-26 08:35:00,353.5,354.3,353.5,354.1,17065
2026-05-26 08:40:00,354,354,353.1,353.55,56059
2026-05-26 08:45:00,353.7,353.85,353.5,353.85,10150
2026-05-26 08:50:00,353.75,354,353.55,353.75,20739
2026-05-26 08:55:00,353.7,354.25,353.5,354.1,24241
2026-05-26 09:00:00,354,354.1,353.8,354.1,10756
2026-05-26 09:05:00,354,354.15,353.15,353.45,24334
2026-05-26 09:10:00,353.4,353.7,353.3,353.35,23405
2026-05-26 09:15:00,353.35,354.35,353.25,354,70052
2026-05-26 09:20:00,354.05,354.55,354.05,354.3,58539
2026-05-26 09:25:00,354.2,354.9,354.2,354.65,33282
2026-05-26 09:30:00,354.75,354.75,353.75,354.45,49095
2026-05-26 09:35:00,354.3,355.05,354,354.75,60978
2026-05-26 09:40:00,354.75,356.3,354.6,355.7,136426
2026-05-26 09:45:00,355.65,355.8,355.05,355.4,58450
2026-05-26 09:50:00,355.4,356.25,355.25,356.2,100408
2026-05-26 09:55:00,356,357,355,356,119415
2026-05-27 03:45:00,356.8,356.8,354.85,355.75,75873
2026-05-27 03:50:00,355.8,356.4,355.05,355.85,82046
2026-05-27 03:55:00,355.8,355.95,354.65,355.05,55998
2026-05-27 04:00:00,355.05,355.45,354.2,354.8,30204
2026-05-27 04:05:00,354.8,355.2,354.1,354.6,33097
2026-05-27 04:10:00,354.6,356,354.2,355.9,48598
2026-05-27 04:15:00,355.8,356.5,355.3,355.75,48522
2026-05-27 04:20:00,355.65,355.75,354.5,354.9,19850
2026-05-27 04:25:00,354.75,355.1,354.3,354.45,36375
2026-05-27 04:30:00,354.35,355,354.15,354.85,23835
2026-05-27 04:35:00,354.85,355.7,354.45,355.55,29387
2026-05-27 04:40:00,355.55,356.5,355.4,356.2,32777
2026-05-27 04:45:00,356.25,357.8,356.05,356.85,87716
2026-05-27 04:50:00,356.8,356.9,356,356.1,32880
2026-05-27 04:55:00,356,356.55,356,356.45,13280
2026-05-27 05:00:00,356.3,356.6,356.05,356.4,18747
2026-05-27 05:05:00,356.45,356.7,356,356.3,14592
2026-05-27 05:10:00,356.25,356.6,355.7,355.7,11620
2026-05-27 05:15:00,355.9,355.9,355.05,355.75,26821
2026-05-27 05:20:00,355.75,356.05,355.5,355.6,10096
2026-05-27 05:25:00,355.6,355.9,355.1,355.35,24149
2026-05-27 05:30:00,355.2,355.85,355.05,355.6,40832
2026-05-27 05:35:00,355.5,355.75,355.2,355.65,26308
2026-05-27 05:40:00,355.65,355.65,354.7,355,21243
2026-05-27 05:45:00,355,355.45,354.9,355.3,8585
2026-05-27 05:50:00,355.35,355.7,355.1,355.6,17556
2026-05-27 05:55:00,355.6,356.5,355.3,356.35,43250
2026-05-27 06:00:00,356.35,356.5,356.2,356.3,6897
2026-05-27 06:05:00,356.2,356.2,355.3,355.45,13209
2026-05-27 06:10:00,355.45,355.75,355.35,355.5,10392
2026-05-27 06:15:00,355.5,356,355.3,355.35,8507
2026-05-27 06:20:00,355.5,355.5,355,355.45,12680
2026-05-27 06:25:00,355.4,355.4,354.3,354.5,24224
2026-05-27 06:30:00,354.6,354.75,354.05,354.15,32348
2026-05-27 06:35:00,354.15,354.35,354,354.15,20812
2026-05-27 06:40:00,354.15,354.35,353.65,353.95,33312
2026-05-27 06:45:00,353.95,354,353.6,354,18463
2026-05-27 06:50:00,353.85,353.85,353.2,353.5,41024
2026-05-27 06:55:00,353.4,353.5,352.75,352.75,30016
2026-05-27 07:00:00,353,353.6,352.7,353.55,13781
2026-05-27 07:05:00,353.35,354.35,353.25,354.25,14723
2026-05-27 07:10:00,354.15,354.75,354,354.45,14602
2026-05-27 07:15:00,354.4,354.7,354.1,354.5,8027
2026-05-27 07:20:00,354.5,354.5,354,354.2,15630
2026-05-27 07:25:00,354.15,354.7,354.05,354.2,9086
2026-05-27 07:30:00,354.2,354.2,353.65,353.95,11170
2026-05-27 07:35:00,353.95,354.05,353.65,353.65,9397
2026-05-27 07:40:00,353.65,353.75,353.2,353.6,14143
2026-05-27 07:45:00,353.6,353.8,353.4,353.65,7059
2026-05-27 07:50:00,353.65,354,353.55,353.8,14476
2026-05-27 07:55:00,353.6,353.75,353.55,353.75,4410
2026-05-27 08:00:00,353.65,354.65,353.6,354.5,20843
2026-05-27 08:05:00,354.5,354.65,354.2,354.5,17553
2026-05-27 08:10:00,354.5,354.85,354.4,354.6,9575
2026-05-27 08:15:00,354.55,354.6,354.1,354.3,9329
2026-05-27 08:20:00,354.3,354.65,354.05,354.65,14697
2026-05-27 08:25:00,354.7,354.75,354.35,354.6,12119
2026-05-27 08:30:00,354.6,355.15,354.6,355.15,38368
2026-05-27 08:35:00,355.15,355.2,354.9,355,16979
2026-05-27 08:40:00,355,355,354.2,354.75,21492
2026-05-27 08:45:00,354.75,354.85,354.55,354.8,9713
2026-05-27 08:50:00,354.75,355.2,354.4,355,14115
2026-05-27 08:55:00,355.05,355.1,354.4,354.7,12953
2026-05-27 09:00:00,354.8,354.8,354.2,354.25,22976
2026-05-27 09:05:00,354.45,355,354.2,354.85,27575
2026-05-27 09:10:00,354.85,355.1,354.6,354.85,31176
2026-05-27 09:15:00,354.85,354.95,354.55,354.95,28560
2026-05-27 09:20:00,354.9,354.95,354.45,354.7,16754
2026-05-27 09:25:00,354.65,354.75,354.25,354.6,15752
2026-05-27 09:30:00,354.6,355.3,354.15,354.3,64444
2026-05-27 09:35:00,354.25,355,354.2,354.8,46714
2026-05-27 09:40:00,354.9,354.9,354.3,354.35,34078
2026-05-27 09:45:00,354.4,354.6,354.25,354.6,58718
2026-05-27 09:50:00,354.6,354.85,354.35,354.65,73599
2026-05-27 09:55:00,354.7,356,354.6,355.5,90370
2026-05-29 03:45:00,354.95,356.6,350.45,356.6,489272
2026-05-29 03:50:00,356.3,359.2,355.85,357.8,315512
2026-05-29 03:55:00,357.6,358.75,356.65,357,211528
2026-05-29 04:00:00,357,359.9,356.7,358.85,311490
2026-05-29 04:05:00,358.85,364.9,358.85,364.7,714927
2026-05-29 04:10:00,364.7,365.9,361.6,361.8,632467
2026-05-29 04:15:00,361.8,365.4,361.5,364.8,381337
2026-05-29 04:20:00,364.85,365.8,362.15,362.25,384831
2026-05-29 04:25:00,362.4,362.8,360.35,361,305722
2026-05-29 04:30:00,361,362.05,361,361.6,137030
2026-05-29 04:35:00,361.6,362.8,361.15,361.55,154153
2026-05-29 04:40:00,361.4,362,360.65,360.8,105736
2026-05-29 04:45:00,360.75,361.25,358,359.25,268538
2026-05-29 04:50:00,359.3,360.7,359.2,360.25,166257
2026-05-29 04:55:00,360.35,361,359.8,360.6,90853
2026-05-29 05:00:00,360.6,362.3,360.2,361.9,181842
2026-05-29 05:05:00,361.9,361.9,361,361.15,84843
2026-05-29 05:10:00,361.1,361.35,360,360.1,115234
2026-05-29 05:15:00,360,360,358.9,359.1,161980
2026-05-29 05:20:00,359.25,360.1,359.15,360,102601
2026-05-29 05:25:00,360,360.55,359.7,360.45,88575
2026-05-29 05:30:00,360.45,360.9,359.7,359.75,82255
2026-05-29 05:35:00,359.8,360.6,359.2,359.4,95226
2026-05-29 05:40:00,359.3,359.55,359.15,359.2,41610
2026-05-29 05:45:00,359.2,361,359.2,360.5,94492
2026-05-29 05:50:00,360.5,360.75,359.8,360.75,104858
2026-05-29 05:55:00,360.75,361.5,360.25,361,108190
2026-05-29 06:00:00,361,361,359.1,359.1,112415
2026-05-29 06:05:00,359.1,359.2,358.55,358.9,155097
2026-05-29 06:10:00,358.9,358.95,358.1,358.3,82885
2026-05-29 06:15:00,358.3,358.5,357,357.5,198771
2026-05-29 06:20:00,357.6,359.35,357.5,358.95,189868
2026-05-29 06:25:00,358.9,360,358.6,359.4,151251
2026-05-29 06:30:00,359.4,360,358.85,359.75,153221
2026-05-29 06:35:00,359.75,360,359,359.3,172504
2026-05-29 06:40:00,359.4,359.4,357.15,357.35,219513
2026-05-29 06:45:00,357.4,357.85,357,357.6,96522
2026-05-29 06:50:00,357.5,358,357.25,357.8,119231
2026-05-29 06:55:00,357.8,358,357.2,357.5,120538
2026-05-29 07:00:00,357.5,358,356.8,356.95,131923
2026-05-29 07:05:00,356.95,357.2,356.5,357.05,184352
2026-05-29 07:10:00,357,357.5,356.75,356.75,72498
2026-05-29 07:15:00,356.9,357,356.5,356.5,87424
2026-05-29 07:20:00,356.55,356.55,355.2,355.2,156045
2026-05-29 07:25:00,355.2,355.75,354.7,355.5,169462
2026-05-29 07:30:00,355.5,356,354.9,355.35,97825
2026-05-29 07:35:00,355.3,356,355,355.45,111328
2026-05-29 07:40:00,355.45,355.6,354.3,354.65,106468
2026-05-29 07:45:00,354.6,355.2,354.3,354.65,87943
2026-05-29 07:50:00,354.6,354.65,353.7,353.9,88757
2026-05-29 07:55:00,353.85,354.2,353.6,354.15,87225
2026-05-29 08:00:00,354.15,354.65,353.85,354.1,64641
2026-05-29 08:05:00,354.1,354.6,353.7,354.1,73552
2026-05-29 08:10:00,354.05,354.45,353.3,353.3,76654
2026-05-29 08:15:00,353.35,354.5,353.1,353.95,104617
2026-05-29 08:20:00,353.95,354.35,353.55,353.7,50935
2026-05-29 08:25:00,353.65,354.75,353.65,354.3,69993
2026-05-29 08:30:00,354.3,354.5,354,354.25,62280
2026-05-29 08:35:00,354.2,354.55,353.8,354.25,68501
2026-05-29 08:40:00,354.15,354.25,353.75,353.95,49747
2026-05-29 08:45:00,353.7,354.25,353.6,353.75,69983
2026-05-29 08:50:00,353.7,354.25,353.55,354.1,66058
2026-05-29 08:55:00,354.1,354.75,354,354.35,109783
2026-05-29 09:00:00,354.35,355.5,354.3,355.15,130369
2026-05-29 09:05:00,355.15,355.15,354.1,354.55,80102
2026-05-29 09:10:00,354.55,357.3,354.35,356.8,252285
2026-05-29 09:15:00,356.8,357.15,355.7,356.45,123948
2026-05-29 09:20:00,356.4,356.8,356.1,356.7,103989
2026-05-29 09:25:00,356.65,356.9,356,356.8,126922
2026-05-29 09:30:00,356.8,359.55,353.5,356.2,9363839
2026-05-29 09:35:00,356.15,356.25,352.5,353.8,7676195
2026-05-29 09:40:00,353.85,355.25,352.55,355,7068205
2026-05-29 09:45:00,355,356.05,354.25,355.9,6522514
2026-05-29 09:50:00,355.8,355.9,354.05,354.1,5522609
2026-05-29 09:55:00,354.05,362.7,352.35,359,5645655
