Symbol,Date,EntryTime,ExitTime,SignalType,TradeType,Open,High,Low,Close,Volume
360ONE,2024-10-15,09:15:00,09:15:00,BUY,BUY,1065.1,1091,1065.1,1084.95,53303
360ONE,2024-10-17,09:15:00,09:15:00,BUY,BUY,1125,1136.95,1120.7,1132.25,40529
360ONE,2024-10-21,09:15:00,09:15:00,BUY,BUY,1070,1116.8,1070,1105,93226
360ONE,2024-11-14,09:15:00,15:00:00,BUY,BUY,1011.3,1047.3,1001.05,1040.3,27617
360ONE,2024-12-09,09:15:00,15:25:00,BUY,BUY,1124.45,1151.4,1121.5,1148.3,23884
360ONE,2024-12-10,09:15:00,15:25:00,BUY,BUY,1141.25,1158.55,1140,1156.15,16607
360ONE,2024-12-16,09:15:00,15:25:00,BUY,BUY,1186.6,1204.95,1184.6,1202.3,12284
360ONE,2024-12-26,09:15:00,09:15:00,BUY,BUY,1236.5,1312.1,1236.4,1276.2,115293
360ONE,2025-01-15,09:15:00,09:15:00,BUY,BUY,1134.95,1162.65,1134.1,1157.5,22389
360ONE,2025-02-05,09:15:00,09:30:00,BUY,BUY,981.9,1030.25,981.55,1020.05,42917
360ONE,2025-02-13,09:15:00,15:10:00,BUY,BUY,961,990.55,957.6,983.7,41782
360ONE,2025-02-20,09:15:00,15:10:00,BUY,BUY,934.35,968,932.7,957.15,28712
360ONE,2025-02-21,09:15:00,15:10:00,BUY,BUY,959.95,972.2,958.5,967.25,16739
360ONE,2025-03-04,09:15:00,09:15:00,BUY,BUY,970,1001.3,970,998.95,95182
360ONE,2025-03-18,09:15:00,15:25:00,BUY,BUY,855.7,897,855.6,892.85,80260
360ONE,2025-05-28,09:15:00,09:20:00,BUY,BUY,1009.8,1022.25,1009.3,1021.5,8379
360ONE,2025-08-14,09:15:00,15:10:00,BUY,BUY,1028.1,1035.2,1023.1,1034.7,19929
360ONE,2025-12-18,09:15:00,10:20:00,BUY,BUY,1137.2,1152.7,1131.7,1144,47507
360ONE,2026-04-09,09:15:00,09:35:00,BUY,BUY,971.75,985.3,964.6,985.3,45867
360ONE,2026-04-10,09:15:00,09:35:00,BUY,BUY,998,1018.3,992.65,1017.4,37351
360ONE,2026-05-07,09:15:00,13:35:00,BUY,BUY,1084.1,1095.5,1083,1091,19903
360ONE,2026-06-05,09:15:00,10:30:00,BUY,BUY,1068,1084.3,1068,1080.5,22810
ABB,2024-12-04,09:15:00,09:15:00,BUY,BUY,7578.9,7634.95,7575,7630.75,19653
ABB,2025-03-10,09:15:00,09:15:00,BUY,BUY,5330,5410.75,5326.65,5384.45,26593
ABB,2025-05-26,09:15:00,15:00:00,BUY,BUY,5965.5,6025,5965.5,6019.5,13570
ABB,2025-05-27,09:15:00,15:00:00,BUY,BUY,6000,6016.5,5977.5,6015.5,7198
ABB,2025-06-06,09:15:00,11:55:00,BUY,BUY,6061.5,6078.5,6041.5,6078.5,6597
ABB,2025-07-08,09:15:00,12:20:00,BUY,BUY,5848.5,5882,5838.5,5880.5,6766
ABB,2025-08-20,09:15:00,10:35:00,BUY,BUY,5084,5110,5078,5099.5,12489
ABB,2025-09-10,09:15:00,14:05:00,BUY,BUY,5129.8,5182,5121,5166,6889
ABB,2025-09-15,09:15:00,14:05:00,BUY,BUY,5248.6,5258,5242.6,5250,3980
ABB,2025-09-17,09:15:00,14:05:00,BUY,BUY,5375.6,5377,5360,5376,5730
ABB,2025-10-07,09:15:00,09:15:00,BUY,BUY,5233,5316.5,5232.5,5301,33186
ABB,2025-10-20,09:15:00,11:50:00,BUY,BUY,5228,5235.5,5213.5,5233.5,2846
ABB,2025-10-29,09:15:00,11:55:00,BUY,BUY,5175.5,5228.5,5175.5,5222.5,7801
ABB,2025-11-06,09:15:00,09:15:00,BUY,BUY,5258,5270,5230,5254,6072
ABB,2025-11-17,09:15:00,14:55:00,BUY,BUY,4955,4983,4926,4982.5,10493
ABB,2025-11-20,09:15:00,14:55:00,BUY,BUY,5083,5109,5083,5109,5334
ABB,2025-12-24,09:15:00,09:50:00,BUY,BUY,5212.5,5237.5,5204,5235,6148
ABB,2025-12-31,09:15:00,11:30:00,BUY,BUY,5150,5207.5,5150,5168.5,5355
ABB,2026-01-22,09:15:00,15:25:00,BUY,BUY,4725,4794,4721,4766,13564
ABB,2026-02-20,09:15:00,09:15:00,BUY,BUY,5725,5993,5719.5,5960.5,201282
ABB,2026-03-20,09:15:00,09:15:00,BUY,BUY,6250,6352,6250,6348,10776
ABCAPITAL,2025-02-06,09:15:00,09:15:00,BUY,BUY,172.1,173.59,172.01,173,114110
ABCAPITAL,2025-03-18,09:15:00,15:25:00,BUY,BUY,162.05,163.36,161.83,162.81,116542
ABCAPITAL,2025-05-02,09:15:00,11:30:00,BUY,BUY,197,200.77,196.95,200.45,184468
ABCAPITAL,2025-05-29,09:15:00,09:15:00,BUY,BUY,219.53,222.1,219.48,221.92,134663
ABCAPITAL,2025-06-03,09:15:00,12:30:00,BUY,BUY,224.6,226.4,224.46,226.36,220470
ABCAPITAL,2025-07-10,09:15:00,12:30:00,BUY,BUY,275.5,277.45,274.3,276.45,154419
ABCAPITAL,2025-09-05,09:15:00,14:40:00,BUY,BUY,276,280.55,275.9,279.7,143363
ABCAPITAL,2025-09-16,09:15:00,12:35:00,BUY,BUY,291,293.35,291,293,222556
ABCAPITAL,2025-10-15,09:15:00,14:40:00,BUY,BUY,298,302.25,298,301.35,283523
ABCAPITAL,2025-10-20,09:15:00,14:40:00,BUY,BUY,301,304.4,300.3,303.6,173930
ABCAPITAL,2025-11-03,09:15:00,13:30:00,BUY,BUY,325.65,332.55,325,332.25,374663
ABCAPITAL,2025-11-27,09:15:00,09:35:00,BUY,BUY,350,352.7,349.8,351.7,178607
ABCAPITAL,2026-01-06,09:15:00,13:50:00,BUY,BUY,364.5,369.3,363.85,367.55,365412
ABCAPITAL,2026-04-10,09:15:00,15:00:00,BUY,BUY,336.7,342.25,336.6,342.1,194549
ABCAPITAL,2026-05-14,09:15:00,15:00:00,BUY,BUY,346.35,349.8,345.1,349.45,165762
ABCAPITAL,2026-05-27,09:15:00,15:00:00,BUY,BUY,363.05,367,362.35,366.6,142983
ADANIENSOL,2025-02-21,09:15:00,12:30:00,BUY,BUY,680.9,689.95,677,687.9,102281
ADANIENSOL,2025-03-05,09:15:00,12:30:00,BUY,BUY,647.05,659.85,646,659.85,66364
ADANIENSOL,2025-05-22,09:15:00,13:55:00,BUY,BUY,869,882.95,864.35,882,109308
ADANIENSOL,2025-06-06,09:15:00,10:45:00,BUY,BUY,875,880,872.45,879.75,46380
ADANIENSOL,2025-07-02,09:15:00,15:00:00,BUY,BUY,876,884.25,876,883.35,67972
ADANIENSOL,2025-07-10,09:15:00,15:00:00,BUY,BUY,892.2,901.75,891.35,901.05,63129
ADANIENSOL,2025-07-16,09:15:00,15:25:00,BUY,BUY,880.65,885,878.2,883.9,24981
ADANIENSOL,2025-10-07,09:15:00,13:55:00,BUY,BUY,927,942.9,924.75,932.85,135414
ADANIENSOL,2025-10-09,09:15:00,13:55:00,BUY,BUY,918,932.05,913.7,929.3,122967
ADANIENSOL,2025-10-23,09:15:00,09:15:00,BUY,BUY,938,949.45,934.85,940,164853
ADANIENSOL,2026-02-26,09:15:00,09:55:00,BUY,BUY,1023.2,1034.45,1019,1029.65,107866
ADANIENSOL,2026-03-13,09:15:00,09:55:00,BUY,BUY,1008.1,1024.5,1006.4,1022.5,114987
ADANIENSOL,2026-04-22,09:15:00,09:15:00,BUY,BUY,1269.5,1279.3,1265.3,1274.65,116422
ADANIENSOL,2026-06-18,09:15:00,,BUY,BUY,1493,1510.9,1493,1503.9,85834
ADANIENT,2024-12-30,09:15:00,09:15:00,BUY,BUY,2348.09,2404.03,2348.04,2400.25,186943
ADANIENT,2025-03-10,09:15:00,09:25:00,BUY,BUY,2173.59,2200.73,2173.59,2197.97,44094
ADANIENT,2025-03-24,09:15:00,09:25:00,BUY,BUY,2297.68,2316.97,2294.33,2312.51,26213
ADANIENT,2025-06-06,09:15:00,09:25:00,BUY,BUY,2438.06,2441.16,2427.59,2441.16,19591
ADANIENT,2025-07-01,09:15:00,09:20:00,BUY,BUY,2544.8,2556.82,2543.06,2551.98,45681
ADANIENT,2025-07-10,09:15:00,10:30:00,BUY,BUY,2510.97,2519.21,2505.44,2518.92,16422
ADANIENT,2025-07-16,09:15:00,10:05:00,BUY,BUY,2522.99,2531.52,2516.3,2529.48,30653
ADANIENT,2025-07-23,09:15:00,10:05:00,BUY,BUY,2521.34,2543.93,2514.36,2542.96,38208
ADANIENT,2025-09-11,09:15:00,13:40:00,BUY,BUY,2276.35,2278.29,2268.79,2277.32,20598
ADANIENT,2025-10-16,09:15:00,14:00:00,BUY,BUY,2467.15,2484.79,2463.36,2482.95,44691
ADANIENT,2025-10-23,09:15:00,13:55:00,BUY,BUY,2481.78,2498.36,2475,2486.73,31702
ADANIENT,2025-12-31,09:15:00,09:20:00,BUY,BUY,2216.3,2231.8,2216.3,2228.2,24587
ADANIENT,2026-04-10,09:15:00,09:50:00,BUY,BUY,2043.1,2079.4,2043.1,2070.5,137122
ADANIENT,2026-04-22,09:15:00,09:50:00,BUY,BUY,2229,2247,2224.1,2238.4,118316
ADANIENT,2026-04-28,09:15:00,09:50:00,BUY,BUY,2321.8,2368,2320.9,2365.1,202477
ADANIENT,2026-05-25,09:15:00,09:50:00,BUY,BUY,2739.8,2775.1,2739.3,2766.5,169757
ADANIENT,2026-06-04,09:15:00,15:00:00,BUY,BUY,2920,2960.6,2918.1,2958.9,110186
ADANIENT,2026-06-18,09:15:00,,BUY,BUY,2952,2985,2952,2976.3,71905
ADANIGREEN,2025-03-05,09:15:00,09:15:00,BUY,BUY,769.1,790.2,769.1,790,607144
ADANIGREEN,2025-06-05,09:15:00,13:25:00,BUY,BUY,1006,1014,1005.1,1012.3,101775
ADANIGREEN,2025-06-06,09:15:00,13:25:00,BUY,BUY,1008,1014,1004.8,1014,89540
ADANIGREEN,2025-07-02,09:15:00,13:25:00,BUY,BUY,1019,1031.4,1019,1026.7,112061
ADANIGREEN,2025-07-10,09:15:00,09:40:00,BUY,BUY,999,1003.9,994.3,1002.7,74904
ADANIGREEN,2025-07-11,09:15:00,09:40:00,BUY,BUY,999,1009.1,996.8,1008.8,148522
ADANIGREEN,2025-07-15,09:15:00,09:40:00,BUY,BUY,1027,1042,1026,1030.9,241592
ADANIGREEN,2025-07-16,09:15:00,09:40:00,BUY,BUY,1033.1,1040.5,1033.1,1040.2,135234
ADANIGREEN,2025-09-15,09:15:00,13:40:00,BUY,BUY,984,988.6,984,986.7,70929
ADANIGREEN,2025-10-07,09:15:00,13:55:00,BUY,BUY,1062,1079.4,1061.6,1075.5,267828
ADANIGREEN,2026-03-20,09:15:00,12:20:00,BUY,BUY,865.45,875.6,864.75,875.45,90897
ADANIGREEN,2026-04-10,09:15:00,09:20:00,BUY,BUY,1044.5,1066.6,1042.5,1061,376170
ADANIGREEN,2026-04-22,09:15:00,09:20:00,BUY,BUY,1152,1162.7,1148,1158.55,176084
ADANIGREEN,2026-04-28,09:15:00,09:20:00,BUY,BUY,1235.5,1253.5,1234,1248,389648
ADANIGREEN,2026-06-05,09:15:00,14:35:00,BUY,BUY,1431,1450,1430.1,1444,206239
ADANIPORTS,2025-03-05,09:15:00,13:30:00,BUY,BUY,1056.15,1071,1055,1070.4,60361
ADANIPORTS,2025-03-24,09:15:00,09:15:00,BUY,BUY,1196,1203.15,1195,1199.35,53227
ADANIPORTS,2025-05-22,09:15:00,09:15:00,BUY,BUY,1380.5,1401.2,1380.2,1399.3,123336
ADANIPORTS,2025-06-10,09:15:00,13:45:00,BUY,BUY,1471.9,1480.6,1470.2,1480,54750
ADANIPORTS,2025-07-11,09:15:00,10:30:00,BUY,BUY,1444.5,1453.9,1441,1450.1,56709
ADANIPORTS,2025-07-16,09:15:00,09:55:00,BUY,BUY,1447.4,1459.6,1442.9,1455.3,79272
ADANIPORTS,2025-08-21,09:15:00,09:15:00,BUY,BUY,1371.1,1376,1370,1375.5,52417
ADANIPORTS,2025-09-04,09:15:00,09:15:00,BUY,BUY,1338,1348,1336.6,1345,70451
ADANIPORTS,2025-09-16,09:15:00,09:15:00,BUY,BUY,1400,1405,1396.6,1403.6,91562
ADANIPORTS,2025-10-16,09:15:00,12:25:00,BUY,BUY,1454,1467.7,1453,1466.1,156912
ADANIPORTS,2025-10-29,09:15:00,09:15:00,BUY,BUY,1424.1,1427.9,1422.1,1424,41114
ADANIPORTS,2025-11-26,09:15:00,12:50:00,BUY,BUY,1484.3,1507.6,1484.3,1502.9,127520
ADANIPORTS,2025-12-01,09:15:00,12:50:00,BUY,BUY,1530,1538,1523.2,1538,121599
ADANIPORTS,2025-12-19,09:15:00,12:50:00,BUY,BUY,1495,1502.8,1495,1501.1,36395
ADANIPORTS,2025-12-22,09:15:00,12:50:00,BUY,BUY,1497.5,1508,1497.5,1507.8,40308
ADANIPORTS,2026-01-16,09:15:00,13:15:00,BUY,BUY,1430,1448,1430,1440.7,49749
ADANIPORTS,2026-03-18,09:15:00,09:15:00,BUY,BUY,1367.1,1385,1367.1,1384.3,78579
ADANIPORTS,2026-04-20,09:15:00,09:15:00,BUY,BUY,1572.4,1584,1566.1,1582.4,223769
ADANIPORTS,2026-04-28,09:15:00,09:15:00,BUY,BUY,1628.4,1647.1,1624.9,1643.5,195060
ADANIPORTS,2026-05-27,09:15:00,09:15:00,BUY,BUY,1810,1828.9,1809.9,1825.1,135717
ADANIPORTS,2026-06-04,09:15:00,13:10:00,BUY,BUY,1794.3,1818,1794.3,1817,96369
ADANIPORTS,2026-06-23,09:15:00,10:45:00,BUY,BUY,1832.6,1842,1832,1838,66160
ALKEM,2024-10-04,09:15:00,15:20:00,BUY,BUY,6174.95,6241.9,6174.95,6188.6,5347
ALKEM,2024-10-28,09:15:00,10:55:00,BUY,BUY,5954.3,6007.4,5938.05,5971.95,4590
ALKEM,2024-11-05,09:15:00,14:55:00,BUY,BUY,5772.4,5867.2,5767.25,5845.85,3093
ALKEM,2024-11-29,09:15:00,09:50:00,BUY,BUY,5472.8,5507.9,5457.15,5507.9,1874
ALKEM,2024-12-04,09:15:00,09:50:00,BUY,BUY,5647.8,5688.8,5646.75,5684.4,9473
ALKEM,2025-04-23,09:15:00,09:15:00,BUY,BUY,5020,5070,5020,5065.2,1980
ALKEM,2025-05-13,09:15:00,13:55:00,BUY,BUY,5028.5,5111,5025,5068,4427
ALKEM,2025-06-11,09:15:00,14:25:00,BUY,BUY,4969.5,5005,4969.5,4989.5,8186
ALKEM,2025-06-27,09:15:00,10:10:00,BUY,BUY,4859.5,4889,4855,4886,8207
ALKEM,2025-08-19,09:15:00,15:25:00,BUY,BUY,5353,5420,5297.5,5388.5,9246
ALKEM,2025-09-10,09:15:00,11:35:00,BUY,BUY,5359.5,5400,5349,5378.5,2727
ALKEM,2025-09-12,09:15:00,09:40:00,BUY,BUY,5393.5,5458.5,5390.5,5439,3424
ALKEM,2025-09-19,09:15:00,09:40:00,BUY,BUY,5486,5575.5,5481,5569,20866
ALKEM,2025-10-01,09:15:00,14:25:00,BUY,BUY,5392,5466.5,5390.5,5466.5,2995
ALKEM,2025-12-17,09:15:00,10:55:00,BUY,BUY,5660,5697.5,5660,5685,1288
ALKEM,2025-12-22,09:15:00,14:35:00,BUY,BUY,5555.5,5596.5,5555.5,5595.5,1690
ALKEM,2026-04-01,09:15:00,12:30:00,BUY,BUY,5320.5,5423,5320.5,5410.5,4033
AMBER,2024-10-14,09:15:00,12:00:00,BUY,BUY,5035,5215,5035,5164,24623
AMBER,2024-10-21,09:15:00,12:00:00,BUY,BUY,5420.1,5636.95,5420.1,5612,46371
AMBER,2024-11-18,09:15:00,14:50:00,BUY,BUY,6118,6258.35,6090.05,6212.8,29973
AMBER,2025-04-17,09:15:00,15:05:00,BUY,BUY,6789,6888,6761.5,6840,38979
AMBER,2025-05-15,09:15:00,14:15:00,BUY,BUY,6330,6375,6303.5,6350.5,16964
AMBER,2025-07-08,09:15:00,12:45:00,BUY,BUY,7410,7497,7373.5,7490,17075
AMBER,2025-07-28,09:15:00,12:15:00,BUY,BUY,7273.5,7364.5,7273.5,7357.5,12332
AMBER,2025-09-05,09:15:00,09:15:00,BUY,BUY,7719,7830,7700.5,7826,20203
AMBER,2025-09-11,09:15:00,09:15:00,BUY,BUY,7855,7973.5,7825.5,7962.5,23775
AMBER,2025-09-19,09:15:00,09:15:00,BUY,BUY,8250,8334,8243.5,8298.5,11075
AMBER,2026-04-24,09:15:00,15:15:00,BUY,BUY,7800,7924,7795,7900.5,17240
AMBER,2026-04-27,09:15:00,15:15:00,BUY,BUY,7800,7890,7800,7874.5,10396
AMBER,2026-06-18,09:15:00,10:30:00,BUY,BUY,7860,7985,7860,7936,24136
AMBUJACEM,2024-10-15,09:15:00,09:15:00,BUY,BUY,590.25,596.15,590,595.7,100147
AMBUJACEM,2024-12-16,09:15:00,09:25:00,BUY,BUY,573.3,575.7,572.05,575.65,31191
AMBUJACEM,2025-01-21,09:15:00,09:15:00,BUY,BUY,535.9,543.6,535.9,542.95,75377
AMBUJACEM,2025-02-21,09:15:00,09:20:00,BUY,BUY,483.15,485.45,480.8,484.4,77421
AMBUJACEM,2025-03-19,09:15:00,14:15:00,BUY,BUY,498.15,502.6,498.15,502.2,29152
AMBUJACEM,2025-07-02,09:15:00,10:00:00,BUY,BUY,581.95,584.3,581.55,583.75,54207
AMBUJACEM,2025-09-02,09:15:00,13:20:00,BUY,BUY,568.1,573,568.1,569.4,16864
AMBUJACEM,2025-09-10,09:15:00,13:15:00,BUY,BUY,570,572.15,570,571.2,38820
ANGELONE,2024-10-09,09:15:00,09:45:00,BUY,BUY,259.72,264.5,259.72,264.47,605200
ANGELONE,2024-11-19,09:15:00,14:40:00,BUY,BUY,268.51,273.29,268.5,272.67,539950
ANGELONE,2024-12-03,09:15:00,09:15:00,BUY,BUY,294.4,296.42,293.61,295.47,449310
ANGELONE,2024-12-27,09:15:00,15:05:00,BUY,BUY,291.01,295.16,291,295,487700
ANGELONE,2025-02-21,09:15:00,15:05:00,BUY,BUY,237.2,242.9,237.01,242.56,543550
ANGELONE,2025-03-06,09:15:00,15:05:00,BUY,BUY,210.42,213.2,209.54,212.55,1096810
ANGELONE,2025-05-15,09:15:00,09:15:00,BUY,BUY,256.28,258.69,255.37,258.48,637430
ANGELONE,2025-05-16,09:15:00,09:15:00,BUY,BUY,257.6,260.18,257.1,258.9,411160
ANGELONE,2025-05-28,09:15:00,09:15:00,BUY,BUY,301.62,305,301.62,304.8,363020
ANGELONE,2025-05-30,09:15:00,09:15:00,BUY,BUY,300.1,306.5,299.81,306.18,782590
ANGELONE,2025-06-04,09:15:00,09:15:00,BUY,BUY,310.3,314.29,309.9,313.31,475310
ANGELONE,2025-06-09,09:15:00,09:15:00,BUY,BUY,321.8,328.4,321.8,324.7,614090
ANGELONE,2025-06-30,09:15:00,09:15:00,BUY,BUY,292.58,295.2,292.11,294.7,390330
ANGELONE,2025-07-03,09:15:00,09:15:00,BUY,BUY,292.5,294.77,292.14,293.5,238450
ANGELONE,2025-07-10,09:15:00,09:15:00,BUY,BUY,273.5,277.41,272.89,276.68,647590
ANGELONE,2025-08-13,09:15:00,14:50:00,BUY,BUY,251.9,258.29,251.9,257.41,603310
ANGELONE,2025-09-10,09:15:00,11:25:00,BUY,BUY,235,236.53,235,235.83,569980
ANGELONE,2025-10-16,09:15:00,15:05:00,BUY,BUY,244,248.5,243.31,247.86,2696920
ANGELONE,2025-10-27,09:15:00,10:20:00,BUY,BUY,251.4,253.9,250.81,253.3,251330
ANGELONE,2025-11-13,09:15:00,09:15:00,BUY,BUY,268,271.47,266.64,270.69,595950
ANGELONE,2026-02-25,09:15:00,15:00:00,BUY,BUY,247.4,250.35,246.51,250.13,515780
ANGELONE,2026-04-22,09:15:00,14:15:00,BUY,BUY,324.05,328.95,323.21,326.87,1242135
ANGELONE,2026-05-22,09:15:00,15:00:00,BUY,BUY,341.95,345.25,341.1,343.7,1334357
APLAPOLLO,2024-10-09,09:15:00,14:45:00,BUY,BUY,1548.15,1570,1544.85,1567.7,8240
APLAPOLLO,2024-10-16,09:15:00,15:00:00,BUY,BUY,1549,1574.15,1540,1570.35,10728
APLAPOLLO,2024-10-17,09:15:00,15:00:00,BUY,BUY,1580,1601.35,1575,1598,15264
APLAPOLLO,2025-01-01,09:15:00,09:15:00,BUY,BUY,1562.3,1588.9,1562.25,1588,35675
APLAPOLLO,2025-01-06,09:15:00,09:15:00,BUY,BUY,1620,1629,1612.55,1629,17389
APLAPOLLO,2025-05-26,09:15:00,09:15:00,BUY,BUY,1833.8,1844,1831.1,1844,7928
APLAPOLLO,2025-06-11,09:15:00,10:50:00,BUY,BUY,1899.9,1911.7,1893.8,1909.5,16752
APLAPOLLO,2025-06-25,09:15:00,13:10:00,BUY,BUY,1802.2,1812.5,1801.7,1805.9,19239
APLAPOLLO,2025-06-26,09:15:00,13:10:00,BUY,BUY,1790.1,1814.2,1789.9,1809.5,82369
APLAPOLLO,2025-08-13,09:15:00,09:45:00,BUY,BUY,1583.9,1594.4,1578.1,1592.6,8637
APLAPOLLO,2025-09-08,09:15:00,13:15:00,BUY,BUY,1664.7,1680,1661.2,1678.9,10777
APLAPOLLO,2025-10-27,09:15:00,09:25:00,BUY,BUY,1755.1,1767.8,1751.1,1766.1,7451
APLAPOLLO,2025-10-31,09:15:00,14:30:00,BUY,BUY,1785.7,1799.5,1784.6,1797.6,16700
APLAPOLLO,2025-12-31,09:15:00,09:40:00,BUY,BUY,1890,1910.8,1883.3,1900,14283
APLAPOLLO,2026-01-14,09:15:00,15:05:00,BUY,BUY,1905,1935.5,1900.1,1931.3,20036
APOLLOHOSP,2024-12-05,09:15:00,14:30:00,BUY,BUY,7250,7334.7,7244.25,7322.3,35477
APOLLOHOSP,2024-12-10,09:15:00,09:15:00,BUY,BUY,7228.8,7276.4,7215.2,7258.35,24827
APOLLOHOSP,2025-03-17,09:15:00,09:25:00,BUY,BUY,6105.65,6155,6082.55,6153.85,22351
APOLLOHOSP,2025-04-02,09:15:00,14:50:00,BUY,BUY,6636.1,6708.7,6634,6683,17079
APOLLOHOSP,2025-04-16,09:15:00,13:55:00,BUY,BUY,6865.5,6964,6865,6953,75482
APOLLOHOSP,2025-04-29,09:15:00,11:30:00,BUY,BUY,7045,7080,7034.5,7074,11169
APOLLOHOSP,2025-05-13,09:15:00,14:10:00,BUY,BUY,6907.5,6973.5,6907.5,6959,9659
APOLLOHOSP,2025-05-15,09:15:00,14:10:00,BUY,BUY,6918.5,6948.5,6916.5,6947,9179
APOLLOHOSP,2025-06-02,09:15:00,09:15:00,BUY,BUY,6944,7045,6933,7036,159615
APOLLOHOSP,2025-06-12,09:15:00,14:35:00,BUY,BUY,6938.5,6968,6930,6968,10428
APOLLOHOSP,2025-09-17,09:15:00,09:20:00,BUY,BUY,7869,7886,7860,7884.5,11233
APOLLOHOSP,2025-10-13,09:15:00,12:50:00,BUY,BUY,7709,7744,7701,7740,11487
APOLLOHOSP,2025-10-20,09:15:00,12:50:00,BUY,BUY,7950,8010,7921.5,7998.5,19641
APOLLOHOSP,2025-12-22,09:15:00,14:30:00,BUY,BUY,7014,7060,7013,7057.5,10201
APOLLOHOSP,2026-01-06,09:15:00,09:20:00,BUY,BUY,7040,7208.5,7040,7207.5,22481
APOLLOHOSP,2026-01-30,09:15:00,10:10:00,BUY,BUY,6787,6849,6767,6849,18973
APOLLOHOSP,2026-02-24,09:15:00,11:55:00,BUY,BUY,7658,7720,7658,7717,26611
APOLLOHOSP,2026-04-15,09:15:00,13:05:00,BUY,BUY,7516.5,7587.5,7500,7568,56942
APOLLOHOSP,2026-05-14,09:15:00,14:55:00,BUY,BUY,8011,8131.5,8011,8108,10183
APOLLOHOSP,2026-06-05,09:15:00,12:50:00,BUY,BUY,8265,8335,8242,8326.5,10120
APOLLOHOSP,2026-06-10,09:15:00,12:50:00,BUY,BUY,8527,8589,8481,8567.5,45890
APOLLOHOSP,2026-06-19,09:15:00,15:25:00,BUY,BUY,8411,8441,8411,8441,70
ASHOKLEY,2024-10-14,09:15:00,09:35:00,BUY,BUY,114.34,114.75,114.06,114.75,617756
ASHOKLEY,2024-11-22,09:15:00,09:25:00,BUY,BUY,109.67,110.5,109.61,110.31,373386
ASHOKLEY,2024-12-23,09:15:00,13:30:00,BUY,BUY,108.75,110.64,108.68,110.58,395402
ASHOKLEY,2025-01-22,09:15:00,12:10:00,BUY,BUY,103,104.05,102.89,103.95,796922
ASHOKLEY,2025-05-14,09:15:00,14:10:00,BUY,BUY,115.63,116.99,115,116.97,1554318
ASHOKLEY,2025-06-06,09:15:00,13:25:00,BUY,BUY,117.03,118.2,116.77,118.07,609992
ASHOKLEY,2025-06-26,09:15:00,09:15:00,BUY,BUY,122.31,123.18,122.25,123,516620
ASHOKLEY,2025-07-08,09:15:00,12:10:00,BUY,BUY,124.98,125.7,124.9,125.25,319962
ASHOKLEY,2025-09-05,09:15:00,09:15:00,BUY,BUY,128.24,130.33,128.24,130.2,1139631
ASHOKLEY,2025-09-16,09:15:00,12:40:00,BUY,BUY,134.3,135.2,134.1,134.97,515614
ASHOKLEY,2025-09-17,09:15:00,12:40:00,BUY,BUY,135,137.15,135,136.65,1750905
ASHOKLEY,2025-09-23,09:15:00,14:55:00,BUY,BUY,139.56,142.28,139.56,142.26,854028
ASHOKLEY,2025-09-29,09:15:00,10:40:00,BUY,BUY,142,143.7,142,143.65,1187947
ASHOKLEY,2025-10-20,09:15:00,14:25:00,BUY,BUY,135.99,136.88,135.56,136.8,626719
ASHOKLEY,2025-10-31,09:15:00,09:15:00,BUY,BUY,140.95,142.56,140.95,142.47,889705
ASHOKLEY,2025-11-14,09:15:00,14:45:00,BUY,BUY,150,152.94,149.66,152.36,2300430
ASHOKLEY,2025-11-25,09:15:00,11:45:00,BUY,BUY,144.59,146.26,144.51,146.26,341928
ASHOKLEY,2025-12-08,09:15:00,11:45:00,BUY,BUY,160.9,162.81,160.87,162.33,648356
ASHOKLEY,2025-12-12,09:15:00,09:15:00,BUY,BUY,160.75,161.93,160.35,161.69,364353
ASHOKLEY,2025-12-18,09:15:00,10:40:00,BUY,BUY,166.14,167.36,165.63,167.19,422925
ASHOKLEY,2026-01-02,09:15:00,11:15:00,BUY,BUY,185,186.5,183.77,186.31,983760
ASHOKLEY,2026-01-09,09:15:00,13:45:00,BUY,BUY,184.1,186.9,183.9,186.72,614556
ASIANPAINT,2024-10-25,09:15:00,13:35:00,BUY,BUY,2980,3007.7,2975.55,3006.1,30213
ASIANPAINT,2025-05-05,09:15:00,14:30:00,BUY,BUY,2424,2458.2,2423.2,2454.7,67312
ASIANPAINT,2025-05-26,09:15:00,12:10:00,BUY,BUY,2315.7,2334.5,2315.7,2332.2,16528
ASIANPAINT,2025-06-09,09:15:00,09:15:00,BUY,BUY,2240,2255.3,2238.6,2254.9,51365
ASIANPAINT,2025-06-12,09:15:00,13:20:00,BUY,BUY,2224.1,2263,2224.1,2252.8,348784
ASIANPAINT,2025-06-16,09:15:00,09:30:00,BUY,BUY,2214.1,2235.5,2209.3,2232.1,72192
ASIANPAINT,2025-07-07,09:15:00,12:45:00,BUY,BUY,2423.3,2449,2421,2440.5,43561
ASIANPAINT,2025-08-14,09:15:00,09:15:00,BUY,BUY,2505,2514,2502,2507.2,17733
ASIANPAINT,2025-08-29,09:15:00,13:55:00,BUY,BUY,2491,2525.9,2490,2521.4,65598
ASIANPAINT,2025-09-05,09:15:00,09:15:00,BUY,BUY,2565,2595,2565,2594,39153
ASIANPAINT,2025-09-12,09:15:00,12:35:00,BUY,BUY,2560,2568.3,2560,2564.4,21390
ASIANPAINT,2025-09-30,09:15:00,09:30:00,BUY,BUY,2352,2384.8,2352,2384.2,44747
ASIANPAINT,2025-10-03,09:15:00,11:40:00,BUY,BUY,2342.2,2362.7,2342.2,2349.6,27155
ASIANPAINT,2025-10-10,09:15:00,13:45:00,BUY,BUY,2338.9,2349.9,2338.1,2347.8,13223
ASIANPAINT,2025-10-13,09:15:00,13:45:00,BUY,BUY,2340.2,2357.6,2337,2357.3,39045
ASIANPAINT,2025-10-23,09:15:00,14:00:00,BUY,BUY,2518.9,2539.4,2511.3,2534,48620
ASIANPAINT,2025-10-27,09:15:00,09:30:00,BUY,BUY,2501.6,2518.6,2499.6,2512.4,14926
ASIANPAINT,2025-11-10,09:15:00,14:40:00,BUY,BUY,2613.8,2654.8,2611.1,2650,80566
ASIANPAINT,2025-11-27,09:15:00,09:15:00,BUY,BUY,2880,2893.5,2877.5,2890.5,36453
ASIANPAINT,2025-12-02,09:15:00,09:25:00,BUY,BUY,2867,2906.5,2861.2,2903.7,65511
ASIANPAINT,2025-12-04,09:15:00,09:25:00,BUY,BUY,2950,2966.3,2934,2965.4,72356
ASIANPAINT,2025-12-15,09:15:00,12:00:00,BUY,BUY,2773.1,2789.8,2758.7,2786.5,72904
ASIANPAINT,2026-01-05,09:15:00,09:15:00,BUY,BUY,2770,2789.3,2769,2786.9,12111
ASIANPAINT,2026-01-06,09:15:00,09:15:00,BUY,BUY,2820,2843.9,2815.9,2838,60796
ASIANPAINT,2026-01-09,09:15:00,09:15:00,BUY,BUY,2789.9,2834.7,2786.2,2825.3,74451
ASIANPAINT,2026-01-22,09:15:00,09:15:00,BUY,BUY,2665.3,2710.7,2665.3,2710.1,43324
ASIANPAINT,2026-02-17,09:15:00,09:20:00,BUY,BUY,2399.5,2452.4,2399.5,2450.3,122310
ASIANPAINT,2026-04-10,09:15:00,14:25:00,BUY,BUY,2267.7,2303.9,2267.7,2296.9,79240
ASIANPAINT,2026-04-21,09:15:00,14:25:00,BUY,BUY,2516.3,2533.6,2513.7,2532.9,45719
ASIANPAINT,2026-05-08,09:15:00,14:35:00,BUY,BUY,2540,2572.5,2515.4,2566,142621
ASIANPAINT,2026-05-27,09:15:00,09:15:00,BUY,BUY,2644.8,2670.4,2642,2668.1,24926
ASIANPAINT,2026-06-05,09:15:00,12:40:00,BUY,BUY,2666,2685.4,2665,2682.6,43935
ASIANPAINT,2026-06-22,09:15:00,,BUY,BUY,2742.7,2756.5,2738.2,2751.2,33876
ASTRAL,2024-10-09,09:15:00,09:15:00,BUY,BUY,1899.8,1918,1895,1908.55,22023
ASTRAL,2024-11-26,09:15:00,09:15:00,BUY,BUY,1794,1800,1784.35,1798.5,24658
ASTRAL,2025-01-31,09:15:00,13:15:00,BUY,BUY,1480,1524.2,1478.05,1521.05,112545
ASTRAL,2025-02-04,09:15:00,12:15:00,BUY,BUY,1497.6,1511.2,1495.95,1511.2,5904
ASTRAL,2025-03-07,09:15:00,14:50:00,BUY,BUY,1327.3,1349.25,1327.25,1344.6,24390
ASTRAL,2025-03-19,09:15:00,14:50:00,BUY,BUY,1260,1278.2,1259,1275.1,36536
ASTRAL,2025-04-29,09:15:00,09:45:00,BUY,BUY,1376.9,1386,1371.6,1384.3,10031
ASTRAL,2025-05-27,09:15:00,14:05:00,BUY,BUY,1510,1519.5,1502.5,1518,71142
ASTRAL,2025-06-11,09:15:00,13:45:00,BUY,BUY,1520,1536.8,1519,1535.6,19754
ASTRAL,2025-07-01,09:15:00,09:55:00,BUY,BUY,1506.9,1521.7,1506.9,1519.8,21852
ASTRAL,2025-07-17,09:15:00,15:00:00,BUY,BUY,1500,1508,1490.7,1506.2,29686
ASTRAL,2025-08-18,09:15:00,09:15:00,BUY,BUY,1284.4,1309.9,1284.4,1300,178238
ASTRAL,2025-09-19,09:15:00,12:15:00,BUY,BUY,1460,1468.5,1457.6,1467.8,14408
ASTRAL,2025-12-31,09:15:00,09:25:00,BUY,BUY,1358,1379,1357.1,1376.8,13884
ASTRAL,2026-01-05,09:15:00,09:25:00,BUY,BUY,1450,1467.5,1450,1465.8,9820
ASTRAL,2026-04-27,09:15:00,11:10:00,BUY,BUY,1565,1598,1551.3,1576.2,90821
ASTRAL,2026-05-22,09:15:00,14:30:00,BUY,BUY,1481.8,1497.5,1481,1494.4,22921
AUBANK,2024-10-07,09:15:00,13:05:00,BUY,BUY,726.1,742.45,722,741.4,132419
AUBANK,2025-01-03,09:15:00,09:15:00,BUY,BUY,569,574.4,568.35,574.3,32512
AUBANK,2025-04-03,09:15:00,11:25:00,BUY,BUY,533.8,543.5,531.05,543.1,128196
AUBANK,2025-04-23,09:15:00,11:25:00,BUY,BUY,620.05,640.85,620.05,639.8,1104689
AUBANK,2025-05-08,09:15:00,09:45:00,BUY,BUY,688,701,687.55,697.4,142086
AUBANK,2025-05-20,09:15:00,14:20:00,BUY,BUY,689.9,691.95,687,690.45,124969
AUBANK,2025-07-01,09:15:00,09:15:00,BUY,BUY,820,829,820,825.55,138978
AUBANK,2025-07-16,09:15:00,12:25:00,BUY,BUY,812,814.55,809.4,813.85,48633
AUBANK,2025-10-03,09:15:00,12:55:00,BUY,BUY,722.05,743,720.7,739.8,201772
AUBANK,2025-10-23,09:15:00,14:30:00,BUY,BUY,861.05,877.45,861.05,872.3,358317
AUBANK,2025-10-28,09:15:00,13:50:00,BUY,BUY,864.2,871.25,864.2,868.55,82803
AUBANK,2025-12-02,09:15:00,13:35:00,BUY,BUY,949.95,963.95,948.55,963.6,77110
AUBANK,2025-12-05,09:15:00,09:15:00,BUY,BUY,948.9,954.05,946.1,952.75,17102
AUBANK,2025-12-23,09:15:00,14:50:00,BUY,BUY,975,986.1,975,985.95,39975
AUBANK,2026-01-07,09:15:00,09:30:00,BUY,BUY,1008,1017.1,1003.05,1014.95,41977
AUBANK,2026-01-21,09:15:00,09:15:00,BUY,BUY,1009,1027.45,1005.1,1014.5,693684
AUBANK,2026-01-29,09:15:00,09:15:00,BUY,BUY,962.35,975.5,960,970,87116
AUBANK,2026-02-11,09:15:00,09:35:00,BUY,BUY,1000,1008.85,997.6,1007.8,35129
AUBANK,2026-04-10,09:15:00,09:25:00,BUY,BUY,963,978.9,963,978.1,73954
AUBANK,2026-04-20,09:15:00,09:25:00,BUY,BUY,993,1003.55,984.9,1002.95,193064
AUBANK,2026-04-24,09:15:00,09:25:00,BUY,BUY,1058.7,1077.3,1057.4,1075.95,214794
AUBANK,2026-05-22,09:15:00,09:15:00,BUY,BUY,964.4,969.9,961.4,969.3,28254
AUBANK,2026-05-27,09:15:00,09:15:00,BUY,BUY,1011.7,1025,1011.6,1020.6,28703
AUBANK,2026-05-29,09:15:00,09:15:00,BUY,BUY,1005,1012.6,1002.1,1011,44392
AUBANK,2026-06-05,09:15:00,12:40:00,BUY,BUY,962.45,969.35,962.45,964.25,18034
AUBANK,2026-06-18,09:15:00,11:40:00,BUY,BUY,1022,1026.25,1020.15,1024.9,56881
AUROPHARMA,2024-10-28,09:15:00,09:35:00,BUY,BUY,1424.95,1441.95,1422.4,1440.3,25361
AUROPHARMA,2025-02-13,09:15:00,09:15:00,BUY,BUY,1146.4,1197.6,1146.4,1189.1,73577
AUROPHARMA,2025-06-12,09:15:00,09:15:00,BUY,BUY,1166.7,1176.2,1165.4,1174,58252
AUROPHARMA,2025-06-24,09:15:00,09:15:00,BUY,BUY,1104.9,1111.5,1103,1110.2,51053
AUROPHARMA,2025-07-24,09:15:00,14:50:00,BUY,BUY,1120.1,1127.7,1118.2,1125.9,41245
AUROPHARMA,2025-10-01,09:15:00,11:20:00,BUY,BUY,1086.9,1098.9,1083.9,1097.2,24342
AUROPHARMA,2025-12-19,09:15:00,13:20:00,BUY,BUY,1214,1232,1214,1230,77950
AUROPHARMA,2026-02-16,09:15:00,11:45:00,BUY,BUY,1142,1169.7,1141.9,1166.5,60233
AUROPHARMA,2026-02-19,09:15:00,11:45:00,BUY,BUY,1156.4,1178,1156.4,1177,46589
AUROPHARMA,2026-05-07,09:15:00,14:45:00,BUY,BUY,1475.1,1498,1475.1,1493,150302
AUROPHARMA,2026-05-08,09:15:00,14:45:00,BUY,BUY,1485,1498,1480.1,1491.6,90866
AUROPHARMA,2026-06-23,09:15:00,,BUY,BUY,1492.2,1516,1492.2,1514.3,98910
AXISBANK,2024-12-26,09:15:00,13:25:00,BUY,BUY,1083,1090.65,1082,1089.3,129496
AXISBANK,2025-03-10,09:15:00,14:25:00,BUY,BUY,1035.65,1045.85,1035,1045.05,454936
AXISBANK,2025-04-29,09:15:00,12:25:00,BUY,BUY,1194.5,1210,1194.5,1210,286724
AXISBANK,2025-05-08,09:15:00,14:25:00,BUY,BUY,1167.1,1176.9,1165.6,1170.7,337341
AXISBANK,2025-06-10,09:15:00,10:40:00,BUY,BUY,1224.4,1229,1222.2,1224.5,681697
AXISBANK,2025-06-17,09:15:00,15:25:00,BUY,BUY,1215.4,1224.5,1213.4,1222.5,261517
AXISBANK,2025-08-05,09:15:00,13:40:00,BUY,BUY,1068,1071,1062.5,1070.7,343834
AXISBANK,2025-09-08,09:15:00,09:15:00,BUY,BUY,1055.9,1060.5,1055.9,1060.4,73571
AXISBANK,2025-11-06,09:15:00,09:20:00,BUY,BUY,1225,1239.6,1225,1236.1,400622
AXISBANK,2025-11-17,09:15:00,14:05:00,BUY,BUY,1243.9,1248.2,1240.4,1248,149861
AXISBANK,2025-12-12,09:15:00,14:20:00,BUY,BUY,1278,1284.4,1277.9,1284.2,95890
AXISBANK,2025-12-19,09:15:00,10:35:00,BUY,BUY,1236.7,1236.8,1231,1235.9,97951
AXISBANK,2025-12-31,09:15:00,13:25:00,BUY,BUY,1246,1258.8,1245,1257.9,73827
AXISBANK,2026-01-05,09:15:00,11:30:00,BUY,BUY,1274.2,1281.1,1270,1278.6,171129
AXISBANK,2026-01-13,09:15:00,12:45:00,BUY,BUY,1274,1284,1271.1,1278.8,140622
AXISBANK,2026-01-30,09:15:00,09:20:00,BUY,BUY,1352,1367.7,1352,1367.5,522979
AXISBANK,2026-02-12,09:15:00,09:50:00,BUY,BUY,1347.9,1357.7,1347,1355.6,207257
AXISBANK,2026-04-10,09:15:00,09:15:00,BUY,BUY,1328.8,1345.8,1326.1,1340.7,292051
AXISBANK,2026-04-21,09:15:00,09:15:00,BUY,BUY,1361,1371,1354.7,1370.1,271020
BAJAJ-AUTO,2024-12-20,09:15:00,13:35:00,BUY,BUY,8950,9029.85,8945,9029.85,7111
BAJAJ-AUTO,2024-12-26,09:15:00,09:15:00,BUY,BUY,8810,8842,8802.35,8833.65,8041
BAJAJ-AUTO,2024-12-27,09:15:00,09:15:00,BUY,BUY,8896.3,9119.5,8896.25,9112,44790
BAJAJ-AUTO,2025-01-09,09:15:00,09:50:00,BUY,BUY,8724,8898,8715.05,8794.85,60755
BAJAJ-AUTO,2025-01-29,09:15:00,14:35:00,BUY,BUY,8420.2,8769.4,8420.2,8714,114967
BAJAJ-AUTO,2025-03-07,09:15:00,13:45:00,BUY,BUY,7465.55,7540,7451.1,7538,24329
BAJAJ-AUTO,2025-06-11,09:15:00,09:15:00,BUY,BUY,8636,8680.5,8610,8675,9867
BAJAJ-AUTO,2025-06-26,09:15:00,13:05:00,BUY,BUY,8370,8443.5,8370,8432,17061
BAJAJ-AUTO,2025-07-03,09:15:00,09:25:00,BUY,BUY,8369.5,8399,8350,8394.5,4349
BAJAJ-AUTO,2025-08-04,09:15:00,12:20:00,BUY,BUY,8044.5,8119,8044.5,8107,7583
BAJAJ-AUTO,2025-09-01,09:15:00,14:20:00,BUY,BUY,8665,8750,8665,8732.5,13691
BAJAJ-AUTO,2025-09-16,09:15:00,12:30:00,BUY,BUY,9032,9069,9032,9067,5929
BAJAJ-AUTO,2025-09-17,09:15:00,12:30:00,BUY,BUY,9076.5,9125,9076.5,9105,10442
BAJAJ-AUTO,2025-10-01,09:15:00,12:40:00,BUY,BUY,8720,8799,8719,8756.5,21109
BAJAJ-AUTO,2025-10-13,09:15:00,12:10:00,BUY,BUY,8947,9019,8917,9009.5,17117
BAJAJ-AUTO,2025-10-15,09:15:00,12:10:00,BUY,BUY,9106.5,9175,9106.5,9165,16178
BAJAJ-AUTO,2025-11-17,09:15:00,15:00:00,BUY,BUY,8850,8983,8850,8980.5,23023
BAJAJ-AUTO,2025-12-22,09:15:00,12:35:00,BUY,BUY,9010,9079.5,8997.5,9073,6227
BAJAJ-AUTO,2026-01-06,09:15:00,11:00:00,BUY,BUY,9575,9615.5,9543,9604.5,29692
BAJAJ-AUTO,2026-02-10,09:15:00,14:10:00,BUY,BUY,9605,9658.5,9582.5,9651,6417
BAJAJ-AUTO,2026-02-11,09:15:00,14:10:00,BUY,BUY,9818,9876.5,9796,9865.5,19015
BAJAJ-AUTO,2026-03-18,09:15:00,09:15:00,BUY,BUY,9150,9226.5,9136.5,9204.5,13002
BAJAJ-AUTO,2026-04-10,09:15:00,15:15:00,BUY,BUY,9400,9630,9399.5,9620,33747
BAJAJ-AUTO,2026-05-12,09:15:00,15:00:00,BUY,BUY,10550,10675,10533,10670,24334
BAJAJFINSV,2025-01-02,09:15:00,14:45:00,BUY,BUY,1576.45,1595.75,1576.4,1595.7,41205
BAJAJFINSV,2025-01-14,09:15:00,09:15:00,BUY,BUY,1688.95,1695,1684,1694.25,28637
BAJAJFINSV,2025-02-21,09:15:00,13:35:00,BUY,BUY,1875,1889.9,1875,1889.9,28240
BAJAJFINSV,2025-02-27,09:15:00,09:15:00,BUY,BUY,1882.15,1905.85,1881,1902.5,220862
BAJAJFINSV,2025-04-25,09:15:00,09:15:00,BUY,BUY,2105,2125,2104.7,2114.5,97637
BAJAJFINSV,2025-05-19,09:15:00,09:40:00,BUY,BUY,2036.3,2047.9,2035,2045.8,20346
BAJAJFINSV,2025-05-26,09:15:00,09:15:00,BUY,BUY,2042,2058.6,2040.2,2057.3,41933
BAJAJFINSV,2025-06-12,09:15:00,09:20:00,BUY,BUY,2017.9,2043.4,2012.2,2035,148766
BAJAJFINSV,2025-06-16,09:15:00,09:20:00,BUY,BUY,2007.9,2022.8,2000,2019.8,92201
BAJAJFINSV,2025-06-20,09:15:00,09:25:00,BUY,BUY,1973,1997.3,1968.2,1994.9,44080
BAJAJFINSV,2025-07-17,09:15:00,09:30:00,BUY,BUY,2037.6,2047.5,2033.4,2044.4,32144
BAJAJFINSV,2025-09-02,09:15:00,14:45:00,BUY,BUY,1945,1950.8,1945,1946.4,21018
BAJAJFINSV,2025-10-06,09:15:00,13:30:00,BUY,BUY,1996.1,2016.8,1995.1,2015.5,33324
BAJAJFINSV,2025-10-15,09:15:00,13:30:00,BUY,BUY,2024.5,2044.9,2020.1,2041.3,50294
BAJAJFINSV,2025-10-20,09:15:00,12:10:00,BUY,BUY,2088,2110.9,2088,2104.8,59652
BAJAJFINSV,2025-12-19,09:15:00,15:25:00,BUY,BUY,2019,2044,2017.9,2040.8,21237
BAJAJFINSV,2025-12-22,09:15:00,15:25:00,BUY,BUY,2044.1,2051.8,2039.2,2046.4,10205
BAJAJFINSV,2026-01-06,09:15:00,09:15:00,BUY,BUY,2044.9,2059.8,2040.8,2056,35813
BAJAJFINSV,2026-02-06,09:15:00,12:45:00,BUY,BUY,2000.1,2019.8,1996.8,2015.6,52587
BAJAJFINSV,2026-03-18,09:15:00,14:40:00,BUY,BUY,1773.8,1797,1773.8,1796.8,28568
BAJAJFINSV,2026-04-10,09:15:00,13:45:00,BUY,BUY,1777.8,1804.3,1776.1,1803.2,30335
BAJAJFINSV,2026-06-16,09:15:00,,BUY,BUY,1755,1778.4,1751.1,1776,54385
BAJAJHLDNG,2024-12-09,09:15:00,09:15:00,BUY,BUY,10699.95,10870,10675.85,10820.1,2443
BAJAJHLDNG,2025-03-21,09:15:00,09:15:00,BUY,BUY,12000,12150,11950,12091.55,4730
BAJAJHLDNG,2025-05-15,09:15:00,13:50:00,BUY,BUY,12066,12298,12066,12244,2425
BAJAJHLDNG,2025-05-23,09:15:00,13:50:00,BUY,BUY,13217,13356,13189,13331,4178
BAJAJHLDNG,2025-08-06,09:15:00,10:05:00,BUY,BUY,13900,13974,13835,13925,1685
BAJAJHLDNG,2025-08-22,09:15:00,15:20:00,BUY,BUY,13700,13850,13700,13798,2217
BAJAJHLDNG,2026-01-05,09:15:00,12:00:00,BUY,BUY,11199,11382,11190,11363,2692
BAJAJHLDNG,2026-01-28,09:15:00,12:10:00,BUY,BUY,10582,10738,10580,10727,2638
BAJAJHLDNG,2026-03-18,09:15:00,13:40:00,BUY,BUY,9663,9768,9657,9766,2645
BAJAJHLDNG,2026-04-09,09:15:00,15:00:00,BUY,BUY,9961.5,10045,9879,10035.5,2740
BAJAJHLDNG,2026-04-17,09:15:00,15:00:00,BUY,BUY,10210,10289.5,10150.5,10261,2107
BAJFINANCE,2024-10-23,09:15:00,09:15:00,BUY,BUY,660.56,695.8,660.1,691.41,3076300
BAJFINANCE,2024-12-10,09:15:00,12:15:00,BUY,BUY,688.48,692.74,687.6,692.33,369620
BAJFINANCE,2025-02-06,09:15:00,09:40:00,BUY,BUY,853.42,866.28,851.26,857.5,1916630
BAJFINANCE,2025-03-10,09:15:00,09:20:00,BUY,BUY,843.85,852.78,840.6,852.57,667940
BAJFINANCE,2025-03-17,09:15:00,09:20:00,BUY,BUY,839.3,853.5,838.6,853.3,656150
BAJFINANCE,2025-04-22,09:15:00,09:25:00,BUY,BUY,929.5,936,927.35,935,808760
BAJFINANCE,2025-05-13,09:15:00,12:55:00,BUY,BUY,900.3,909.45,899.1,907,706860
BAJFINANCE,2025-05-19,09:15:00,12:55:00,BUY,BUY,916.8,928.95,916.8,924,421760
BAJFINANCE,2025-05-26,09:15:00,09:15:00,BUY,BUY,925.9,931.4,925,930.2,227270
BAJFINANCE,2025-07-09,09:15:00,15:15:00,BUY,BUY,926.9,933.15,924,931.95,250948
BAJFINANCE,2025-07-10,09:15:00,15:15:00,BUY,BUY,943.5,949.1,942.6,948.25,282437
BAJFINANCE,2025-07-23,09:15:00,11:50:00,BUY,BUY,954,962.55,953.65,959.05,349145
BAJFINANCE,2025-08-08,09:15:00,11:50:00,BUY,BUY,877,888.3,877,886.15,248888
BAJFINANCE,2025-10-07,09:15:00,09:15:00,BUY,BUY,1008.9,1019.2,1008.9,1018.9,257459
BAJFINANCE,2025-10-13,09:15:00,13:10:00,BUY,BUY,1023.85,1028.85,1021.5,1028.65,245524
BAJFINANCE,2025-12-05,09:15:00,12:55:00,BUY,BUY,1028.9,1034.7,1026.5,1034,194059
BAJFINANCE,2025-12-12,09:15:00,09:30:00,BUY,BUY,1000,1016.8,1000,1016,401969
BAJFINANCE,2026-02-18,09:15:00,12:30:00,BUY,BUY,1014.55,1021.85,1007.05,1021.5,229953
BAJFINANCE,2026-04-16,09:15:00,09:15:00,BUY,BUY,919,926.8,917.7,926,423852
BAJFINANCE,2026-04-21,09:15:00,09:15:00,BUY,BUY,919.5,927.95,919,926.45,399704
BAJFINANCE,2026-06-05,09:15:00,09:15:00,BUY,BUY,874,884,874,882,352001
BAJFINANCE,2026-06-16,09:15:00,09:15:00,BUY,BUY,946,961.55,946,961.55,1118703
BAJFINANCE,2026-06-22,09:15:00,,BUY,BUY,966.05,972.95,962,970.65,290923
BANDHANBNK,2024-11-19,09:15:00,13:05:00,BUY,BUY,166.1,169.19,166.1,169,754893
BANDHANBNK,2024-11-28,09:15:00,13:05:00,BUY,BUY,171.52,171.99,170.8,171.95,281254
BANDHANBNK,2025-03-17,09:15:00,09:15:00,BUY,BUY,140.7,143.32,140.7,142.17,695003
BANDHANBNK,2025-03-20,09:15:00,09:15:00,BUY,BUY,141.69,143.65,141.69,143.5,357867
BANDHANBNK,2025-03-28,09:15:00,09:15:00,BUY,BUY,148.25,150.84,148.25,150.72,507218
BANDHANBNK,2025-04-16,09:15:00,09:20:00,BUY,BUY,154.57,156.59,154.07,156.07,604512
BANDHANBNK,2025-04-21,09:15:00,09:20:00,BUY,BUY,159.35,162.55,159.09,162.21,772381
BANDHANBNK,2025-06-20,09:15:00,10:25:00,BUY,BUY,177.52,179.25,177.5,178.18,163630
BANDHANBNK,2025-08-18,09:15:00,11:45:00,BUY,BUY,165,169.35,164.91,168.1,920679
BANDHANBNK,2025-10-07,09:15:00,09:15:00,BUY,BUY,164.79,166.78,164.79,165.91,162384
BANDHANBNK,2025-10-20,09:15:00,12:45:00,BUY,BUY,162.5,163.82,162.21,163.3,249279
BANDHANBNK,2025-10-23,09:15:00,12:45:00,BUY,BUY,167.52,167.55,166.65,167.18,282183
BANDHANBNK,2025-11-17,09:15:00,09:15:00,BUY,BUY,154.99,156.21,154.55,155.91,222566
BANDHANBNK,2025-11-26,09:15:00,13:35:00,BUY,BUY,150,151.75,149.72,151.65,214863
BANDHANBNK,2026-01-14,09:15:00,09:20:00,BUY,BUY,142.6,143.83,142.55,143.6,110044
BANDHANBNK,2026-01-28,09:15:00,09:35:00,BUY,BUY,149,151.26,148.99,150.65,510387
BANDHANBNK,2026-04-10,09:15:00,15:00:00,BUY,BUY,165.94,168.2,165.89,168,514284
BANDHANBNK,2026-04-21,09:15:00,15:00:00,BUY,BUY,175.29,178.33,174.51,178.06,391219
BANDHANBNK,2026-05-26,09:15:00,13:10:00,BUY,BUY,197,201.44,197,201.41,1271129
BANDHANBNK,2026-05-27,09:15:00,13:10:00,BUY,BUY,200.51,203.9,200.51,203.6,388987
BANDHANBNK,2026-05-29,09:15:00,13:10:00,BUY,BUY,205.93,210.3,205.93,210,1022488
BANKBARODA,2024-10-16,09:15:00,09:15:00,BUY,BUY,243.75,245.5,243.52,245.39,214578
BANKBARODA,2024-12-26,09:15:00,09:15:00,BUY,BUY,244.99,248.15,244.99,247.46,220970
BANKBARODA,2025-03-05,09:15:00,13:10:00,BUY,BUY,195.9,198.5,195.89,198.38,344937
BANKBARODA,2025-04-17,09:15:00,09:20:00,BUY,BUY,241.05,243,241.05,242.46,669570
BANKBARODA,2025-04-24,09:15:00,09:20:00,BUY,BUY,250.51,255.45,250.51,254.45,982465
BANKBARODA,2025-05-16,09:15:00,12:15:00,BUY,BUY,234.86,236.76,234.82,236.74,328737
BANKBARODA,2025-05-26,09:15:00,09:25:00,BUY,BUY,244.25,245.21,243.5,244.9,279938
BANKBARODA,2025-05-30,09:15:00,09:45:00,BUY,BUY,242.99,244.94,242.72,243.81,247639
BANKBARODA,2025-07-09,09:15:00,09:15:00,BUY,BUY,240.2,241.2,239.39,241.01,235402
BANKBARODA,2025-07-15,09:15:00,09:15:00,BUY,BUY,241.11,242.5,241.11,241.9,122865
BANKBARODA,2025-07-16,09:15:00,09:15:00,BUY,BUY,243.1,245.95,243.1,245.09,374229
BANKBARODA,2025-09-19,09:15:00,14:35:00,BUY,BUY,249.5,251.9,249,251.13,1114211
BANKBARODA,2025-12-01,09:15:00,09:20:00,BUY,BUY,290,293.35,290,292,217940
BANKBARODA,2025-12-17,09:15:00,14:20:00,BUY,BUY,282.2,284.9,282.1,284.15,188804
BANKBARODA,2026-01-02,09:15:00,09:15:00,BUY,BUY,301,304.1,301,303.05,580548
BANKBARODA,2026-01-20,09:15:00,09:15:00,BUY,BUY,306.95,310.15,305.5,309.7,442140
BANKBARODA,2026-02-18,09:15:00,14:00:00,BUY,BUY,303.25,305.35,303.25,304.95,387589
BANKBARODA,2026-02-25,09:15:00,14:00:00,BUY,BUY,313,314.95,312.5,314.5,338236
BANKBARODA,2026-03-20,09:15:00,14:00:00,BUY,BUY,275.85,280.45,275.25,280.05,351689
BANKINDIA,2024-10-14,09:15:00,09:15:00,BUY,BUY,105.89,106.3,105.6,106.16,67136
BANKINDIA,2024-10-16,09:15:00,09:15:00,BUY,BUY,104.65,105.2,104.5,105.06,114464
BANKINDIA,2024-12-26,09:15:00,14:55:00,BUY,BUY,102.35,103.32,102.35,103.12,207781
BANKINDIA,2025-01-28,09:15:00,09:20:00,BUY,BUY,103.82,109.2,103.8,108.55,4689724
BANKINDIA,2025-03-05,09:15:00,09:20:00,BUY,BUY,96.45,97.05,96.2,97,362205
BANKINDIA,2025-05-13,09:15:00,14:10:00,BUY,BUY,110.5,111.74,110.5,111.52,922499
BANKINDIA,2025-05-19,09:15:00,14:10:00,BUY,BUY,115.08,115.56,114.57,115.39,545862
BANKINDIA,2025-05-28,09:15:00,09:20:00,BUY,BUY,117.19,117.61,116.95,117.56,379784
BANKINDIA,2025-06-30,09:15:00,09:45:00,BUY,BUY,117.51,119.19,117.35,118.96,714785
BANKINDIA,2025-07-15,09:15:00,10:10:00,BUY,BUY,115.26,115.7,115.19,115.66,112944
BANKINDIA,2025-09-10,09:15:00,09:20:00,BUY,BUY,113.04,113.98,112.9,113.85,163627
BANKINDIA,2025-09-17,09:15:00,09:20:00,BUY,BUY,117.7,118.21,117.7,118.04,118451
BANKINDIA,2025-12-02,09:15:00,14:50:00,BUY,BUY,147.24,148.19,146.7,148.15,761614
BANKINDIA,2026-01-06,09:15:00,09:20:00,BUY,BUY,149.99,151.67,149.99,151.14,640669
BANKINDIA,2026-06-05,09:15:00,15:00:00,BUY,BUY,139.9,141.05,139.8,140.6,433450
BDL,2024-11-26,09:15:00,12:20:00,BUY,BUY,994.4,1018,993,1010.5,41119
BDL,2024-11-27,09:15:00,12:20:00,BUY,BUY,1036.8,1050.3,1032.25,1047.75,44350
BDL,2025-01-02,09:15:00,14:20:00,BUY,BUY,1129.95,1139.75,1127.75,1139.2,8400
BDL,2025-01-16,09:15:00,14:20:00,BUY,BUY,1140.15,1158,1140,1155.5,14948
BDL,2025-02-21,09:15:00,14:20:00,BUY,BUY,1033.4,1055.8,1033,1055.8,46559
BDL,2025-03-19,09:15:00,14:20:00,BUY,BUY,1128.4,1153,1128.05,1150.7,50755
BDL,2025-05-09,09:15:00,09:15:00,BUY,BUY,1455,1504.8,1455,1502.5,454954
BDL,2025-05-27,09:15:00,09:15:00,BUY,BUY,1909.5,1965,1905,1961.3,426445
BDL,2025-06-04,09:15:00,09:15:00,BUY,BUY,1990,2010,1985.4,2009,207834
BDL,2025-06-23,09:15:00,09:15:00,BUY,BUY,1902.1,1933.9,1895.2,1931.8,263236
BDL,2025-09-10,09:15:00,15:25:00,BUY,BUY,1426,1439,1425.1,1439,45190
BDL,2025-09-17,09:15:00,15:25:00,BUY,BUY,1607.1,1627.6,1607.1,1625,106866
BDL,2025-09-22,09:15:00,15:25:00,BUY,BUY,1630,1649.8,1625.6,1648.4,117110
BDL,2025-10-31,09:15:00,10:15:00,BUY,BUY,1512,1526.4,1511.1,1524.1,27874
BDL,2025-12-26,09:15:00,12:25:00,BUY,BUY,1490,1513,1486,1511,295065
BDL,2026-01-05,09:15:00,09:15:00,BUY,BUY,1495,1521,1494,1519,102451
BDL,2026-01-08,09:15:00,09:15:00,BUY,BUY,1540,1568,1539,1564.2,163345
BDL,2026-02-26,09:15:00,15:10:00,BUY,BUY,1245,1256,1245,1253.4,40669
BDL,2026-03-02,09:15:00,15:10:00,BUY,BUY,1241.4,1309,1241.4,1299.7,318192
BDL,2026-03-05,09:15:00,15:10:00,BUY,BUY,1277,1292.2,1272.1,1290.1,69148
BEL,2024-12-09,09:15:00,15:20:00,BUY,BUY,313.6,315.5,313.25,315.45,646517
BEL,2025-03-10,09:15:00,13:10:00,BUY,BUY,278.65,283.38,278.6,283.33,2291114
BEL,2025-03-24,09:15:00,13:50:00,BUY,BUY,296.87,301.19,296.35,300.86,1125135
BEL,2025-04-29,09:15:00,13:50:00,BUY,BUY,306.55,310.25,305.8,310.05,1312953
BEL,2025-05-27,09:15:00,14:15:00,BUY,BUY,384.4,388.8,383.45,388.1,2008005
BEL,2025-07-23,09:15:00,10:00:00,BUY,BUY,403.5,404.9,402.2,404.25,408218
BEL,2025-07-25,09:15:00,15:05:00,BUY,BUY,399,400.7,398,399.8,803648
BEL,2025-08-04,09:15:00,09:15:00,BUY,BUY,379,384.25,376.45,383.8,828105
BEL,2025-08-13,09:15:00,11:55:00,BUY,BUY,382.2,387,382.1,386.5,693186
BEL,2025-10-03,09:15:00,11:05:00,BUY,BUY,406.8,410.4,405.1,410.1,861543
BEL,2025-10-14,09:15:00,11:05:00,BUY,BUY,410,411.8,409.8,411.4,321374
BEL,2025-11-11,09:15:00,11:15:00,BUY,BUY,417.15,422.5,417.15,419,1698259
BEL,2025-12-12,09:15:00,09:15:00,BUY,BUY,388,391.95,388,391.6,731338
BEL,2025-12-26,09:15:00,15:00:00,BUY,BUY,403,407.5,402.45,406.5,1312237
BEL,2026-01-05,09:15:00,15:00:00,BUY,BUY,402.85,408.8,402.8,408.55,1107941
BEL,2026-01-08,09:15:00,15:00:00,BUY,BUY,415.7,422.95,415.7,420.5,1618340
BEL,2026-01-09,09:15:00,12:05:00,BUY,BUY,417,424.55,417,424.2,2009043
BEL,2026-02-26,09:15:00,09:15:00,BUY,BUY,440.6,442.55,440.15,441.95,298396
BEL,2026-04-09,09:15:00,15:00:00,BUY,BUY,425,437.65,424.5,437.15,1405084
BEL,2026-05-08,09:15:00,09:15:00,BUY,BUY,439,443.45,438.75,440.85,875215
BHARATFORG,2024-10-03,09:15:00,11:25:00,BUY,BUY,1527,1543.85,1518.8,1540,153909
BHARATFORG,2025-01-16,09:15:00,14:40:00,BUY,BUY,1191.25,1203.4,1190.15,1203.35,16662
BHARATFORG,2025-08-13,09:15:00,09:20:00,BUY,BUY,1158.1,1180,1158.1,1173.5,29556
BHARATFORG,2025-12-19,09:15:00,13:20:00,BUY,BUY,1401.4,1423.9,1400.5,1423.5,13143
BHARATFORG,2026-01-16,09:15:00,12:00:00,BUY,BUY,1444.1,1463.3,1444.1,1463.3,19079
BHARATFORG,2026-02-04,09:15:00,09:20:00,BUY,BUY,1540,1557.1,1529,1554.9,68109
BHARATFORG,2026-04-10,09:15:00,13:05:00,BUY,BUY,1751,1775,1751,1773.1,49520
BHARATFORG,2026-04-29,09:15:00,13:05:00,BUY,BUY,1905.7,1931.9,1905.7,1913.6,56840
BHARATFORG,2026-05-25,09:15:00,13:05:00,BUY,BUY,1914.8,1929.3,1909.9,1924.5,21413
BHARATFORG,2026-06-12,09:15:00,,BUY,BUY,1952,1982.7,1952,1973.3,38912
BHARTIARTL,2024-12-12,09:15:00,09:20:00,BUY,BUY,1584.85,1607.8,1579.2,1605.3,312126
BHARTIARTL,2025-01-24,09:15:00,14:30:00,BUY,BUY,1635,1649.8,1634.1,1649.2,115680
BHARTIARTL,2025-02-07,09:15:00,09:25:00,BUY,BUY,1635.2,1669.2,1635,1664.9,1004353
BHARTIARTL,2025-03-19,09:15:00,09:15:00,BUY,BUY,1634.65,1642.05,1630.5,1640.55,236060
BHARTIARTL,2025-04-30,09:15:00,14:00:00,BUY,BUY,1837,1846,1830.1,1842.3,356291
BHARTIARTL,2025-05-14,09:15:00,14:00:00,BUY,BUY,1830.5,1869,1830.5,1865.6,1313739
BHARTIARTL,2025-06-16,09:15:00,13:45:00,BUY,BUY,1842.4,1858.8,1838.8,1855.3,174430
BHARTIARTL,2025-06-26,09:15:00,13:45:00,BUY,BUY,1970,1984.1,1966.3,1980.9,407970
BHARTIARTL,2025-07-01,09:15:00,15:10:00,BUY,BUY,2009.6,2021.9,2006.9,2019.4,215505
BHARTIARTL,2025-08-06,09:15:00,15:00:00,BUY,BUY,1930,1962.8,1930,1958.6,703834
BHARTIARTL,2025-08-19,09:15:00,11:10:00,BUY,BUY,1901.1,1921.6,1900,1916.5,459785
BHARTIARTL,2025-09-05,09:15:00,11:55:00,BUY,BUY,1887,1895.9,1884.2,1895,122714
BHARTIARTL,2025-09-16,09:15:00,09:20:00,BUY,BUY,1903.3,1913.9,1902.5,1912.9,177494
BHARTIARTL,2025-10-13,09:15:00,09:50:00,BUY,BUY,1937.9,1952.4,1936,1951,198541
BHARTIARTL,2025-10-27,09:15:00,14:55:00,BUY,BUY,2030,2044.5,2030,2043.9,154551
BHARTIARTL,2025-12-02,09:15:00,09:30:00,BUY,BUY,2089.8,2107.8,2087.1,2106.8,327187
BHARTIARTL,2025-12-09,09:15:00,12:35:00,BUY,BUY,2086.8,2100.4,2083,2098.9,203862
BHARTIARTL,2025-12-16,09:15:00,13:40:00,BUY,BUY,2070.1,2103.5,2070.1,2099.3,312310
BHARTIARTL,2026-01-09,09:15:00,09:15:00,BUY,BUY,2070.2,2084,2067.2,2082.6,181712
BHARTIARTL,2026-02-04,09:15:00,14:50:00,BUY,BUY,2008,2013.4,1998.4,2011.4,365278
BHARTIARTL,2026-02-19,09:15:00,10:20:00,BUY,BUY,2032,2032,2021.3,2028.5,148944
BHARTIARTL,2026-06-12,09:15:00,15:00:00,BUY,BUY,1784,1806.1,1784,1803.2,279151
BHEL,2024-10-10,09:15:00,09:15:00,BUY,BUY,265.3,269.9,265.15,269.45,592574
BHEL,2024-12-03,09:15:00,10:45:00,BUY,BUY,250.45,253.4,250.1,252.45,411377
BHEL,2024-12-04,09:15:00,10:45:00,BUY,BUY,252.85,255.1,252.5,254.5,516597
BHEL,2024-12-09,09:15:00,10:45:00,BUY,BUY,248.35,251.2,247.3,251,511339
BHEL,2025-02-13,09:15:00,09:20:00,BUY,BUY,199.2,202.5,199,202.08,721511
BHEL,2025-05-28,09:15:00,15:00:00,BUY,BUY,261.1,264.03,260.84,263.55,675559
BHEL,2025-08-20,09:15:00,14:40:00,BUY,BUY,219.7,220.99,219.1,220.83,200030
BHEL,2025-09-11,09:15:00,12:05:00,BUY,BUY,220,221.63,219.42,221.35,395564
BHEL,2025-10-23,09:15:00,14:40:00,BUY,BUY,235.3,235.89,234.5,235.13,174266
BHEL,2025-11-26,09:15:00,09:15:00,BUY,BUY,282.8,284.4,282.15,284.25,406112
BHEL,2025-12-01,09:15:00,09:15:00,BUY,BUY,291.1,293.7,291.1,293.5,371789
BHEL,2026-01-01,09:15:00,11:35:00,BUY,BUY,288.5,291.9,288.1,291.55,543108
BHEL,2026-03-20,09:15:00,09:20:00,BUY,BUY,254.05,258.5,253.25,258.4,382561
BHEL,2026-04-09,09:15:00,09:20:00,BUY,BUY,266.5,269.24,263.76,268.85,858691
BHEL,2026-04-15,09:15:00,09:20:00,BUY,BUY,291.02,297.39,291.02,296.18,1291210
BIOCON,2025-01-07,09:15:00,12:45:00,BUY,BUY,363.2,369.5,363.1,368.65,346841
BIOCON,2025-01-31,09:15:00,09:15:00,BUY,BUY,347.25,369.55,347.25,363.55,1218241
BIOCON,2025-02-05,09:15:00,09:15:00,BUY,BUY,372,385.65,372,380.45,529364
BIOCON,2025-03-28,09:15:00,15:20:00,BUY,BUY,344.95,349.3,344.5,349.1,79894
BIOCON,2025-04-17,09:15:00,09:15:00,BUY,BUY,328,332.5,327.55,331.25,45530
BIOCON,2025-05-26,09:15:00,10:15:00,BUY,BUY,332.1,334.4,332,334.2,103107
BIOCON,2025-05-27,09:15:00,10:15:00,BUY,BUY,333.3,334.35,332,334.35,59820
BIOCON,2025-05-28,09:15:00,10:15:00,BUY,BUY,336.05,338.25,335.1,337.1,203382
BIOCON,2025-07-09,09:15:00,15:15:00,BUY,BUY,369.1,374.7,369.1,373.35,180422
BIOCON,2025-07-11,09:15:00,15:15:00,BUY,BUY,373.05,375.6,373.05,374.85,97668
BIOCON,2025-07-18,09:15:00,09:15:00,BUY,BUY,397.2,398.9,396.35,398.5,103964
BIOCON,2025-07-24,09:15:00,10:15:00,BUY,BUY,396.8,403.35,396.1,402.65,276317
BIOCON,2025-08-22,09:15:00,15:00:00,BUY,BUY,356.35,361.5,356.35,361.2,89095
BIOCON,2025-09-11,09:15:00,09:15:00,BUY,BUY,364.2,368.95,364.2,368.2,128273
BIOCON,2025-10-01,09:15:00,09:15:00,BUY,BUY,341,346.35,341,345.95,168125
BIOCON,2025-10-08,09:15:00,09:15:00,BUY,BUY,346.9,350,346.9,350,50453
BIOCON,2025-10-09,09:15:00,09:15:00,BUY,BUY,350.9,354.95,350.85,353.6,343659
BIOCON,2025-10-16,09:15:00,13:55:00,BUY,BUY,356.45,359.1,356,358.6,73200
BIOCON,2025-11-04,09:15:00,09:20:00,BUY,BUY,378,382.75,377.65,382.4,191942
BIOCON,2025-11-06,09:15:00,09:20:00,BUY,BUY,380.2,385.9,380.2,385.1,284492
BIOCON,2025-11-27,09:15:00,14:25:00,BUY,BUY,397.95,402,397.5,401,58348
BIOCON,2026-01-22,09:15:00,13:20:00,BUY,BUY,365,371,365,369.9,158415
BIOCON,2026-03-25,09:15:00,14:35:00,BUY,BUY,371,376.25,371,375.95,77640
BIOCON,2026-05-08,09:15:00,09:15:00,BUY,BUY,379,392.8,377.25,391.5,742293
BIOCON,2026-05-13,09:15:00,09:15:00,BUY,BUY,403.05,409.45,402.85,406.1,427759
BIOCON,2026-05-29,09:15:00,15:00:00,BUY,BUY,432.2,437.9,432.2,436.4,210231
BIOCON,2026-06-19,09:15:00,,BUY,BUY,412.85,415.1,412.85,414.5,2521
BLUESTARCO,2025-03-18,09:15:00,15:00:00,BUY,BUY,2040.85,2088.75,2038.7,2068.9,62555
BLUESTARCO,2025-05-13,09:15:00,09:15:00,BUY,BUY,1637.2,1649.5,1625,1641,32757
BLUESTARCO,2025-05-19,09:15:00,11:35:00,BUY,BUY,1563,1594.7,1560.2,1594.7,40836
BLUESTARCO,2025-06-04,09:15:00,13:10:00,BUY,BUY,1542.7,1553.5,1540.9,1551.1,13089
BLUESTARCO,2025-06-24,09:15:00,13:10:00,BUY,BUY,1610,1638.2,1609.5,1628,35317
BLUESTARCO,2025-07-17,09:15:00,09:15:00,BUY,BUY,1868,1884.4,1857.6,1882.2,25016
BLUESTARCO,2025-09-25,09:15:00,15:10:00,BUY,BUY,1947.1,1974.9,1941.2,1974.9,17057
BLUESTARCO,2025-10-24,09:15:00,09:15:00,BUY,BUY,1974.9,1992.9,1973,1989.1,6619
BLUESTARCO,2025-12-01,09:15:00,10:50:00,BUY,BUY,1766,1776.5,1761.5,1774.5,10190
BLUESTARCO,2026-03-11,09:15:00,09:15:00,BUY,BUY,1905,1945.9,1894.9,1942.6,24488
BLUESTARCO,2026-04-10,09:15:00,09:30:00,BUY,BUY,1655.6,1680.6,1653.9,1679.4,46022
BLUESTARCO,2026-06-22,09:15:00,,BUY,BUY,1675.1,1714.1,1675.1,1712,53708
BOSCHLTD,2024-12-05,09:15:00,09:35:00,BUY,BUY,35245.95,35350,34966.85,35322.5,581
BOSCHLTD,2025-02-04,09:15:00,15:00:00,BUY,BUY,28520,28797.8,28520,28761.15,367
BOSCHLTD,2025-02-21,09:15:00,13:45:00,BUY,BUY,27380,27594.5,27362.3,27538,329
BOSCHLTD,2025-03-03,09:15:00,15:00:00,BUY,BUY,26600,27029.9,26600,26964.35,726
BOSCHLTD,2025-03-07,09:15:00,15:00:00,BUY,BUY,27099,27374.85,27070.15,27358.5,541
BOSCHLTD,2025-03-20,09:15:00,13:50:00,BUY,BUY,27650,27773.7,27560.3,27758.75,872
BOSCHLTD,2025-05-19,09:15:00,12:55:00,BUY,BUY,31635,31885,31635,31810,353
BOSCHLTD,2025-05-30,09:15:00,09:15:00,BUY,BUY,31450,32015,31335,31750,3587
BOSCHLTD,2025-06-09,09:15:00,12:45:00,BUY,BUY,31670,31840,31660,31840,347
BOSCHLTD,2025-06-16,09:15:00,12:50:00,BUY,BUY,31605,31685,31550,31660,323
BOSCHLTD,2025-06-20,09:15:00,12:25:00,BUY,BUY,32375,32560,32275,32550,1247
BOSCHLTD,2025-07-02,09:15:00,15:25:00,BUY,BUY,32365,32515,32345,32460,740
BOSCHLTD,2025-07-18,09:15:00,15:25:00,BUY,BUY,38645,38830,38580,38780,1658
BOSCHLTD,2025-08-20,09:15:00,12:10:00,BUY,BUY,39920,40055,39890,40050,983
BOSCHLTD,2025-09-22,09:15:00,14:40:00,BUY,BUY,39790,40000,39400,39975,767
BOSCHLTD,2025-10-20,09:15:00,15:00:00,BUY,BUY,38585,38900,38585,38870,274
BOSCHLTD,2025-11-17,09:15:00,09:20:00,BUY,BUY,37000,37485,36915,37445,1803
BOSCHLTD,2025-12-02,09:15:00,10:00:00,BUY,BUY,36360,36900,36345,36860,1701
BOSCHLTD,2025-12-04,09:15:00,10:20:00,BUY,BUY,36580,37050,36570,36925,2373
BOSCHLTD,2026-01-02,09:15:00,14:05:00,BUY,BUY,36170,36600,36150,36470,1597
BOSCHLTD,2026-06-11,09:15:00,14:25:00,BUY,BUY,37800,38090,37700,38085,2680
BPCL,2024-12-10,09:15:00,14:50:00,BUY,BUY,302.45,305.5,302.3,304.9,428108
BPCL,2025-01-02,09:15:00,09:15:00,BUY,BUY,295.1,297.25,295,296.7,136502
BPCL,2025-02-06,09:15:00,09:15:00,BUY,BUY,263.2,266,262.7,265.5,883846
BPCL,2025-03-10,09:15:00,09:20:00,BUY,BUY,261.26,264.98,261.12,264.8,391355
BPCL,2025-03-20,09:15:00,09:15:00,BUY,BUY,266.59,267.59,265.53,267.01,278754
BPCL,2025-04-03,09:15:00,15:10:00,BUY,BUY,283,289.85,283,289.7,403056
BPCL,2025-04-16,09:15:00,15:10:00,BUY,BUY,293.9,295.7,292.55,295.55,427277
BPCL,2025-05-26,09:15:00,15:10:00,BUY,BUY,319,321.75,319,321.55,154191
BPCL,2025-06-06,09:15:00,10:00:00,BUY,BUY,309.8,313.3,309.05,313.05,216608
BPCL,2025-06-11,09:15:00,10:00:00,BUY,BUY,320.6,324.75,320.3,324.6,376166
BPCL,2025-06-17,09:15:00,10:00:00,BUY,BUY,314,319.75,313.95,318.2,522122
BPCL,2025-07-15,09:15:00,09:15:00,BUY,BUY,347,349.8,346.15,349.7,312442
BPCL,2025-07-18,09:15:00,09:15:00,BUY,BUY,347.5,349.75,343.1,349.15,754035
BPCL,2025-09-03,09:15:00,13:50:00,BUY,BUY,314.95,319.85,314.8,318.25,411142
BPCL,2025-10-20,09:15:00,09:15:00,BUY,BUY,336.25,338,336.25,336.85,109227
BPCL,2025-10-27,09:15:00,09:25:00,BUY,BUY,332.7,336,331.25,335.7,270976
BPCL,2025-12-02,09:15:00,09:25:00,BUY,BUY,355.75,360.65,354.25,360.35,581473
BPCL,2025-12-12,09:15:00,09:25:00,BUY,BUY,352.5,358,352.5,357.8,285330
BPCL,2025-12-23,09:15:00,11:40:00,BUY,BUY,369.9,372.45,369.05,371.9,268035
BPCL,2026-01-02,09:15:00,11:35:00,BUY,BUY,382,385.6,381.65,385.15,200199
BPCL,2026-01-05,09:15:00,13:30:00,BUY,BUY,380,383.25,379.5,382.75,286108
BPCL,2026-01-16,09:15:00,09:20:00,BUY,BUY,358,364.45,358,362.7,332968
BPCL,2026-01-19,09:15:00,09:20:00,BUY,BUY,364,366.7,362,366.5,472290
BPCL,2026-02-06,09:15:00,09:15:00,BUY,BUY,382.5,386.8,381.35,386.1,466929
BPCL,2026-02-12,09:15:00,15:00:00,BUY,BUY,387.05,389.5,386.7,388.95,216312
BPCL,2026-04-10,09:15:00,15:15:00,BUY,BUY,297.4,303.2,297.4,302.05,920727
BPCL,2026-04-17,09:15:00,15:15:00,BUY,BUY,308.8,312.5,306.5,311.2,678114
BPCL,2026-04-21,09:15:00,15:15:00,BUY,BUY,316.05,320.05,316.05,319.8,781454
BPCL,2026-06-04,09:15:00,09:40:00,BUY,BUY,290.1,295.6,290.1,295.3,312157
BRITANNIA,2025-01-27,09:15:00,09:20:00,BUY,BUY,5103.65,5176.9,5103.05,5161.85,68169
BRITANNIA,2025-03-28,09:15:00,14:30:00,BUY,BUY,4874.2,4963.55,4866.95,4953.85,29727
BRITANNIA,2025-04-09,09:15:00,14:30:00,BUY,BUY,5150,5245.4,5150,5229.5,36757
BRITANNIA,2025-05-26,09:15:00,12:55:00,BUY,BUY,5500,5533,5491,5526,9131
BRITANNIA,2025-06-02,09:15:00,09:15:00,BUY,BUY,5511.5,5679,5511.5,5666,51593
BRITANNIA,2025-07-03,09:15:00,11:55:00,BUY,BUY,5799,5872.5,5781,5865,9092
BRITANNIA,2025-07-31,09:15:00,09:15:00,BUY,BUY,5746,5782,5719.5,5779.5,20149
BRITANNIA,2025-08-26,09:15:00,14:00:00,BUY,BUY,5574.5,5664.5,5574.5,5659.5,28696
BRITANNIA,2025-08-29,09:15:00,14:00:00,BUY,BUY,5671,5810,5671,5806.5,30593
BRITANNIA,2025-10-13,09:15:00,10:15:00,BUY,BUY,5871.5,5918,5863.5,5917.5,4072
BRITANNIA,2025-10-23,09:15:00,15:00:00,BUY,BUY,6075,6129,6070,6115.5,8486
BRITANNIA,2026-02-25,09:15:00,09:20:00,BUY,BUY,6170,6188,6155,6185.5,10241
BRITANNIA,2026-03-10,09:15:00,09:15:00,BUY,BUY,5911,5990,5911,5962,13361
BRITANNIA,2026-03-18,09:15:00,12:20:00,BUY,BUY,5860.5,5900,5842,5894.5,4198
BRITANNIA,2026-04-09,09:15:00,09:15:00,BUY,BUY,5620,5659.5,5583,5645,18287
BRITANNIA,2026-04-16,09:15:00,14:35:00,BUY,BUY,5640,5705.5,5555,5689.5,12719
BRITANNIA,2026-04-17,09:15:00,14:35:00,BUY,BUY,5601.5,5620.5,5568.5,5610,14433
BRITANNIA,2026-06-10,09:15:00,12:05:00,BUY,BUY,5110,5194,5103.5,5194,10091
BSE,2024-10-03,09:15:00,14:45:00,BUY,BUY,1266.92,1336.6,1248.35,1328.68,1792140
BSE,2024-10-11,09:15:00,14:45:00,BUY,BUY,1421.67,1450,1420.02,1443.27,861039
BSE,2024-10-29,09:15:00,14:45:00,BUY,BUY,1395.32,1416.33,1395.07,1414.68,332403
BSE,2024-11-07,09:15:00,14:45:00,BUY,BUY,1571.67,1631.93,1566.67,1608.22,1469247
BSE,2025-01-24,09:15:00,13:00:00,BUY,BUY,1969.98,2016.6,1967.02,1998.33,461586
BSE,2025-02-19,09:15:00,09:15:00,BUY,BUY,1718.33,1759.45,1716.65,1757.78,381591
BSE,2025-04-03,09:15:00,14:30:00,BUY,BUY,1859.27,1902,1853.83,1898.33,1407276
BSE,2025-04-17,09:15:00,14:30:00,BUY,BUY,1969.17,2002,1967,1993.67,663201
BSE,2025-05-07,09:15:00,14:30:00,BUY,BUY,2123.33,2222.17,2117.5,2219.83,3060360
BSE,2025-05-16,09:15:00,14:30:00,BUY,BUY,2400,2438.33,2397.17,2422,863160
BSE,2025-05-19,09:15:00,14:30:00,BUY,BUY,2438.33,2465.5,2428.5,2463.33,490572
BSE,2025-07-02,09:15:00,09:15:00,BUY,BUY,2768.6,2805,2765,2793.9,248873
BSE,2025-08-13,09:15:00,11:50:00,BUY,BUY,2385,2441.3,2381.9,2428.8,362182
BSE,2025-09-05,09:15:00,09:15:00,BUY,BUY,2229,2249.7,2227,2248.9,214262
BSE,2025-09-18,09:15:00,11:40:00,BUY,BUY,2222.7,2235,2220.8,2224.2,178528
BSE,2025-10-16,09:15:00,14:35:00,BUY,BUY,2468.8,2480,2462,2479,247097
BSE,2025-10-20,09:15:00,14:35:00,BUY,BUY,2503.2,2526.8,2503,2518.8,210746
BSE,2025-11-26,09:15:00,14:20:00,BUY,BUY,2840.6,2878,2828.8,2874.7,281668
BSE,2025-12-31,09:15:00,09:15:00,BUY,BUY,2595,2638.1,2595,2632.9,235143
BSE,2026-01-07,09:15:00,09:15:00,BUY,BUY,2702.4,2737.4,2685,2736.9,269913
BSE,2026-01-16,09:15:00,09:15:00,BUY,BUY,2851,2894,2849.1,2889.2,454458
CAMS,2024-10-16,09:15:00,13:30:00,BUY,BUY,920.2,942.83,918.4,939.64,237165
CAMS,2024-10-25,09:15:00,13:30:00,BUY,BUY,901.93,913.44,900.28,909.99,33945
CAMS,2024-11-28,09:15:00,09:15:00,BUY,BUY,974.8,994,974.3,994,175890
CAMS,2024-11-29,09:15:00,09:15:00,BUY,BUY,983.18,999.2,981.2,993.18,149915
CAMS,2024-12-02,09:15:00,09:15:00,BUY,BUY,995,1011.79,994,1005.45,190580
CAMS,2024-12-11,09:15:00,09:15:00,BUY,BUY,1041.82,1051.37,1040.73,1050.47,95485
CAMS,2024-12-12,09:15:00,09:15:00,BUY,BUY,1050.2,1059.8,1047.74,1058.67,116095
CAMS,2025-01-24,09:15:00,11:30:00,BUY,BUY,830,848.39,829.99,847.47,141745
CAMS,2025-02-21,09:15:00,09:15:00,BUY,BUY,687.99,699.98,686.6,697.54,158505
CAMS,2025-03-07,09:15:00,14:25:00,BUY,BUY,662.2,672,657.49,669.4,163425
CAMS,2025-03-21,09:15:00,09:35:00,BUY,BUY,743.79,752.39,738.32,751.57,276430
CAMS,2025-03-24,09:15:00,09:35:00,BUY,BUY,766.81,774.74,765.43,772.05,158180
CAMS,2025-04-29,09:15:00,09:15:00,BUY,BUY,792.76,797.8,791.1,797.2,40530
CAMS,2025-05-26,09:15:00,13:35:00,BUY,BUY,778,786.98,778,786.44,81490
CAMS,2025-05-30,09:15:00,15:00:00,BUY,BUY,794.38,799.68,794.36,799.5,60860
CAMS,2025-06-04,09:15:00,12:05:00,BUY,BUY,839.78,844.4,835.8,843.4,229235
CAMS,2025-07-16,09:15:00,10:15:00,BUY,BUY,850,857.8,849.7,853.78,113610
CAMS,2025-09-05,09:15:00,09:15:00,BUY,BUY,756,763.42,755.38,763.42,37695
CAMS,2025-10-27,09:15:00,09:15:00,BUY,BUY,776.8,785.8,776.4,783.88,96060
CAMS,2025-11-20,09:15:00,14:45:00,BUY,BUY,789.8,791.7,784.8,791.6,81940
CAMS,2025-12-01,09:15:00,14:40:00,BUY,BUY,778.66,786.56,775.2,785.4,105940
CAMS,2025-12-18,09:15:00,14:40:00,BUY,BUY,742.3,757.8,742.3,753.1,192517
CAMS,2025-12-24,09:15:00,12:40:00,BUY,BUY,759,766,757.2,765.4,20777
CAMS,2026-01-07,09:15:00,09:20:00,BUY,BUY,749.75,758.9,746.8,758.3,23255
CAMS,2026-03-06,09:15:00,15:00:00,BUY,BUY,646.15,656.15,642.5,655.25,101249
